Document_ID,Document_Name,Document_Type,Classification,Description
KD001,FINA_Database_01_Knowledge_Source,Structured_Record,Confidential,Policy and usage knowledge extracted from FINA_Database_01
KD002,FINA_Application_02_Knowledge_Source,Structured_Record,Internal,Policy and usage knowledge extracted from FINA_Application_02
KD003,FINA_Repository_03_Knowledge_Source,Structured_Record,Confidential,Policy and usage knowledge extracted from FINA_Repository_03
KD004,FINA_Portal_04_Knowledge_Source,Structured_Record,Restricted,Policy and usage knowledge extracted from FINA_Portal_04
KD005,FINA_Service_05_Knowledge_Source,Structured_Record,Public,Policy and usage knowledge extracted from FINA_Service_05
KD006,FINA_Database_06_Knowledge_Source,Structured_Record,Confidential,Policy and usage knowledge extracted from FINA_Database_06
KD007,FINA_Application_07_Knowledge_Source,Structured_Record,Confidential,Policy and usage knowledge extracted from FINA_Application_07
KD008,FINA_Repository_08_Knowledge_Source,Structured_Record,Restricted,Policy and usage knowledge extracted from FINA_Repository_08
KD009,FINA_Portal_09_Knowledge_Source,Structured_Record,Confidential,Policy and usage knowledge extracted from FINA_Portal_09
KD010,FINA_Service_10_Knowledge_Source,Structured_Record,Internal,Policy and usage knowledge extracted from FINA_Service_10
KD011,HUMA_Database_01_Knowledge_Source,Structured_Record,Internal,Policy and usage knowledge extracted from HUMA_Database_01
KD012,HUMA_Application_02_Knowledge_Source,Structured_Record,Confidential,Policy and usage knowledge extracted from HUMA_Application_02
KD013,HUMA_Repository_03_Knowledge_Source,Structured_Record,Public,Policy and usage knowledge extracted from HUMA_Repository_03
KD014,HUMA_Portal_04_Knowledge_Source,Structured_Record,Restricted,Policy and usage knowledge extracted from HUMA_Portal_04
KD015,HUMA_Service_05_Knowledge_Source,Structured_Record,Restricted,Policy and usage knowledge extracted from HUMA_Service_05
KD016,HUMA_Database_06_Knowledge_Source,Structured_Record,Internal,Policy and usage knowledge extracted from HUMA_Database_06
KD017,HUMA_Application_07_Knowledge_Source,Structured_Record,Restricted,Policy and usage knowledge extracted from HUMA_Application_07
KD018,HUMA_Repository_08_Knowledge_Source,Structured_Record,Restricted,Policy and usage knowledge extracted from HUMA_Repository_08
KD019,HUMA_Portal_09_Knowledge_Source,Structured_Record,Public,Policy and usage knowledge extracted from HUMA_Portal_09
KD020,HUMA_Service_10_Knowledge_Source,Structured_Record,Confidential,Policy and usage knowledge extracted from HUMA_Service_10
KD021,INFO_Database_01_Knowledge_Source,Structured_Record,Restricted,Policy and usage knowledge extracted from INFO_Database_01
KD022,INFO_Application_02_Knowledge_Source,Structured_Record,Internal,Policy and usage knowledge extracted from INFO_Application_02
KD023,INFO_Repository_03_Knowledge_Source,Structured_Record,Confidential,Policy and usage knowledge extracted from INFO_Repository_03
KD024,INFO_Portal_04_Knowledge_Source,Structured_Record,Restricted,Policy and usage knowledge extracted from INFO_Portal_04
KD025,INFO_Service_05_Knowledge_Source,Structured_Record,Confidential,Policy and usage knowledge extracted from INFO_Service_05
KD026,INFO_Database_06_Knowledge_Source,Structured_Record,Restricted,Policy and usage knowledge extracted from INFO_Database_06
KD027,INFO_Application_07_Knowledge_Source,Structured_Record,Confidential,Policy and usage knowledge extracted from INFO_Application_07
KD028,INFO_Repository_08_Knowledge_Source,Structured_Record,Confidential,Policy and usage knowledge extracted from INFO_Repository_08
KD029,INFO_Portal_09_Knowledge_Source,Structured_Record,Restricted,Policy and usage knowledge extracted from INFO_Portal_09
KD030,INFO_Service_10_Knowledge_Source,Structured_Record,Confidential,Policy and usage knowledge extracted from INFO_Service_10
KD031,SECU_Database_01_Knowledge_Source,Structured_Record,Internal,Policy and usage knowledge extracted from SECU_Database_01
KD032,SECU_Application_02_Knowledge_Source,Structured_Record,Confidential,Policy and usage knowledge extracted from SECU_Application_02
KD033,SECU_Repository_03_Knowledge_Source,Structured_Record,Public,Policy and usage knowledge extracted from SECU_Repository_03
KD034,SECU_Portal_04_Knowledge_Source,Structured_Record,Confidential,Policy and usage knowledge extracted from SECU_Portal_04
KD035,SECU_Service_05_Knowledge_Source,Structured_Record,Confidential,Policy and usage knowledge extracted from SECU_Service_05
KD036,SECU_Database_06_Knowledge_Source,Structured_Record,Confidential,Policy and usage knowledge extracted from SECU_Database_06
KD037,SECU_Application_07_Knowledge_Source,Structured_Record,Confidential,Policy and usage knowledge extracted from SECU_Application_07
KD038,SECU_Repository_08_Knowledge_Source,Structured_Record,Restricted,Policy and usage knowledge extracted from SECU_Repository_08
KD039,SECU_Portal_09_Knowledge_Source,Structured_Record,Confidential,Policy and usage knowledge extracted from SECU_Portal_09
KD040,SECU_Service_10_Knowledge_Source,Structured_Record,Internal,Policy and usage knowledge extracted from SECU_Service_10
KD041,LEGA_Database_01_Knowledge_Source,Structured_Record,Public,Policy and usage knowledge extracted from LEGA_Database_01
KD042,LEGA_Application_02_Knowledge_Source,Structured_Record,Internal,Policy and usage knowledge extracted from LEGA_Application_02
KD043,LEGA_Repository_03_Knowledge_Source,Structured_Record,Confidential,Policy and usage knowledge extracted from LEGA_Repository_03
KD044,LEGA_Portal_04_Knowledge_Source,Structured_Record,Confidential,Policy and usage knowledge extracted from LEGA_Portal_04
KD045,LEGA_Service_05_Knowledge_Source,Structured_Record,Confidential,Policy and usage knowledge extracted from LEGA_Service_05
KD046,LEGA_Database_06_Knowledge_Source,Structured_Record,Confidential,Policy and usage knowledge extracted from LEGA_Database_06
KD047,LEGA_Application_07_Knowledge_Source,Structured_Record,Restricted,Policy and usage knowledge extracted from LEGA_Application_07
KD048,LEGA_Repository_08_Knowledge_Source,Structured_Record,Internal,Policy and usage knowledge extracted from LEGA_Repository_08
KD049,LEGA_Portal_09_Knowledge_Source,Structured_Record,Confidential,Policy and usage knowledge extracted from LEGA_Portal_09
KD050,LEGA_Service_10_Knowledge_Source,Structured_Record,Confidential,Policy and usage knowledge extracted from LEGA_Service_10
KD051,SALE_Database_01_Knowledge_Source,Structured_Record,Public,Policy and usage knowledge extracted from SALE_Database_01
KD052,SALE_Application_02_Knowledge_Source,Structured_Record,Internal,Policy and usage knowledge extracted from SALE_Application_02
KD053,SALE_Repository_03_Knowledge_Source,Structured_Record,Internal,Policy and usage knowledge extracted from SALE_Repository_03
KD054,SALE_Portal_04_Knowledge_Source,Structured_Record,Internal,Policy and usage knowledge extracted from SALE_Portal_04
KD055,SALE_Service_05_Knowledge_Source,Structured_Record,Internal,Policy and usage knowledge extracted from SALE_Service_05
KD056,SALE_Database_06_Knowledge_Source,Structured_Record,Restricted,Policy and usage knowledge extracted from SALE_Database_06
KD057,SALE_Application_07_Knowledge_Source,Structured_Record,Public,Policy and usage knowledge extracted from SALE_Application_07
KD058,SALE_Repository_08_Knowledge_Source,Structured_Record,Restricted,Policy and usage knowledge extracted from SALE_Repository_08
KD059,SALE_Portal_09_Knowledge_Source,Structured_Record,Public,Policy and usage knowledge extracted from SALE_Portal_09
KD060,SALE_Service_10_Knowledge_Source,Structured_Record,Restricted,Policy and usage knowledge extracted from SALE_Service_10
KD061,MARK_Database_01_Knowledge_Source,Structured_Record,Confidential,Policy and usage knowledge extracted from MARK_Database_01
KD062,MARK_Application_02_Knowledge_Source,Structured_Record,Confidential,Policy and usage knowledge extracted from MARK_Application_02
KD063,MARK_Repository_03_Knowledge_Source,Structured_Record,Confidential,Policy and usage knowledge extracted from MARK_Repository_03
KD064,MARK_Portal_04_Knowledge_Source,Structured_Record,Confidential,Policy and usage knowledge extracted from MARK_Portal_04
KD065,MARK_Service_05_Knowledge_Source,Structured_Record,Internal,Policy and usage knowledge extracted from MARK_Service_05
KD066,MARK_Database_06_Knowledge_Source,Structured_Record,Internal,Policy and usage knowledge extracted from MARK_Database_06
KD067,MARK_Application_07_Knowledge_Source,Structured_Record,Restricted,Policy and usage knowledge extracted from MARK_Application_07
KD068,MARK_Repository_08_Knowledge_Source,Structured_Record,Confidential,Policy and usage knowledge extracted from MARK_Repository_08
KD069,MARK_Portal_09_Knowledge_Source,Structured_Record,Confidential,Policy and usage knowledge extracted from MARK_Portal_09
KD070,MARK_Service_10_Knowledge_Source,Structured_Record,Internal,Policy and usage knowledge extracted from MARK_Service_10
KD071,RESE_Database_01_Knowledge_Source,Structured_Record,Public,Policy and usage knowledge extracted from RESE_Database_01
KD072,RESE_Application_02_Knowledge_Source,Structured_Record,Confidential,Policy and usage knowledge extracted from RESE_Application_02
KD073,RESE_Repository_03_Knowledge_Source,Structured_Record,Public,Policy and usage knowledge extracted from RESE_Repository_03
KD074,RESE_Portal_04_Knowledge_Source,Structured_Record,Restricted,Policy and usage knowledge extracted from RESE_Portal_04
KD075,RESE_Service_05_Knowledge_Source,Structured_Record,Restricted,Policy and usage knowledge extracted from RESE_Service_05
KD076,RESE_Database_06_Knowledge_Source,Structured_Record,Restricted,Policy and usage knowledge extracted from RESE_Database_06
KD077,RESE_Application_07_Knowledge_Source,Structured_Record,Confidential,Policy and usage knowledge extracted from RESE_Application_07
KD078,RESE_Repository_08_Knowledge_Source,Structured_Record,Public,Policy and usage knowledge extracted from RESE_Repository_08
KD079,RESE_Portal_09_Knowledge_Source,Structured_Record,Restricted,Policy and usage knowledge extracted from RESE_Portal_09
KD080,RESE_Service_10_Knowledge_Source,Structured_Record,Restricted,Policy and usage knowledge extracted from RESE_Service_10
KD081,PROC_Database_01_Knowledge_Source,Structured_Record,Confidential,Policy and usage knowledge extracted from PROC_Database_01
KD082,PROC_Application_02_Knowledge_Source,Structured_Record,Restricted,Policy and usage knowledge extracted from PROC_Application_02
KD083,PROC_Repository_03_Knowledge_Source,Structured_Record,Confidential,Policy and usage knowledge extracted from PROC_Repository_03
KD084,PROC_Portal_04_Knowledge_Source,Structured_Record,Confidential,Policy and usage knowledge extracted from PROC_Portal_04
KD085,PROC_Service_05_Knowledge_Source,Structured_Record,Restricted,Policy and usage knowledge extracted from PROC_Service_05
KD086,PROC_Database_06_Knowledge_Source,Structured_Record,Confidential,Policy and usage knowledge extracted from PROC_Database_06
KD087,PROC_Application_07_Knowledge_Source,Structured_Record,Restricted,Policy and usage knowledge extracted from PROC_Application_07
KD088,PROC_Repository_08_Knowledge_Source,Structured_Record,Internal,Policy and usage knowledge extracted from PROC_Repository_08
KD089,PROC_Portal_09_Knowledge_Source,Structured_Record,Confidential,Policy and usage knowledge extracted from PROC_Portal_09
KD090,PROC_Service_10_Knowledge_Source,Structured_Record,Confidential,Policy and usage knowledge extracted from PROC_Service_10
KD091,CUST_Database_01_Knowledge_Source,Structured_Record,Public,Policy and usage knowledge extracted from CUST_Database_01
KD092,CUST_Application_02_Knowledge_Source,Structured_Record,Confidential,Policy and usage knowledge extracted from CUST_Application_02
KD093,CUST_Repository_03_Knowledge_Source,Structured_Record,Public,Policy and usage knowledge extracted from CUST_Repository_03
KD094,CUST_Portal_04_Knowledge_Source,Structured_Record,Internal,Policy and usage knowledge extracted from CUST_Portal_04
KD095,CUST_Service_05_Knowledge_Source,Structured_Record,Internal,Policy and usage knowledge extracted from CUST_Service_05
KD096,CUST_Database_06_Knowledge_Source,Structured_Record,Confidential,Policy and usage knowledge extracted from CUST_Database_06
KD097,CUST_Application_07_Knowledge_Source,Structured_Record,Internal,Policy and usage knowledge extracted from CUST_Application_07
KD098,CUST_Repository_08_Knowledge_Source,Structured_Record,Internal,Policy and usage knowledge extracted from CUST_Repository_08
KD099,CUST_Portal_09_Knowledge_Source,Structured_Record,Internal,Policy and usage knowledge extracted from CUST_Portal_09
KD100,CUST_Service_10_Knowledge_Source,Structured_Record,Public,Policy and usage knowledge extracted from CUST_Service_10
