Policy_ID,Role,Resource,Action,Condition
P0001,Finance Analyst,FINA_Database_01,Read,Secure_Access_Only
P0002,Finance Analyst,FINA_Database_01,Download,Secure_Access_Only
P0003,Finance Analyst,FINA_Application_02,Read,Working_Hours_Only
P0004,Finance Analyst,FINA_Application_02,Download,Working_Hours_Only
P0005,Finance Analyst,FINA_Application_02,Write,Working_Hours_Only
P0006,Finance Analyst,FINA_Application_02,Modify,Working_Hours_Only
P0007,Finance Analyst,FINA_Application_02,Upload,Working_Hours_Only
P0008,Finance Analyst,FINA_Repository_03,Read,Secure_Access_Only
P0009,Finance Analyst,FINA_Repository_03,Download,Secure_Access_Only
P0010,Finance Analyst,FINA_Portal_04,Read,MFA_Required
P0011,Finance Analyst,FINA_Portal_04,Download,MFA_Required
P0012,Finance Analyst,FINA_Service_05,Read,No_Condition
P0013,Finance Analyst,FINA_Service_05,Download,No_Condition
P0014,Finance Analyst,FINA_Service_05,Write,No_Condition
P0015,Finance Analyst,FINA_Service_05,Modify,No_Condition
P0016,Finance Analyst,FINA_Service_05,Upload,No_Condition
P0017,Finance Analyst,FINA_Database_06,Read,Secure_Access_Only
P0018,Finance Analyst,FINA_Database_06,Download,Secure_Access_Only
P0019,Finance Analyst,FINA_Application_07,Read,Secure_Access_Only
P0020,Finance Analyst,FINA_Application_07,Download,Secure_Access_Only
P0021,Finance Analyst,FINA_Repository_08,Read,MFA_Required
P0022,Finance Analyst,FINA_Repository_08,Download,MFA_Required
P0023,Finance Analyst,FINA_Portal_09,Read,Secure_Access_Only
P0024,Finance Analyst,FINA_Portal_09,Download,Secure_Access_Only
P0025,Finance Analyst,FINA_Service_10,Read,Working_Hours_Only
P0026,Finance Analyst,FINA_Service_10,Download,Working_Hours_Only
P0027,Finance Analyst,FINA_Service_10,Write,Working_Hours_Only
P0028,Finance Analyst,FINA_Service_10,Modify,Working_Hours_Only
P0029,Finance Analyst,FINA_Service_10,Upload,Working_Hours_Only
P0030,HR Manager,HUMA_Database_01,Read,Working_Hours_Only
P0031,HR Manager,HUMA_Database_01,Download,Working_Hours_Only
P0032,HR Manager,HUMA_Database_01,Write,Working_Hours_Only
P0033,HR Manager,HUMA_Database_01,Modify,Working_Hours_Only
P0034,HR Manager,HUMA_Database_01,Upload,Working_Hours_Only
P0035,HR Manager,HUMA_Application_02,Read,Secure_Access_Only
P0036,HR Manager,HUMA_Application_02,Download,Secure_Access_Only
P0037,HR Manager,HUMA_Application_02,Write,Secure_Access_Only
P0038,HR Manager,HUMA_Application_02,Modify,Secure_Access_Only
P0039,HR Manager,HUMA_Application_02,Upload,Secure_Access_Only
P0040,HR Manager,HUMA_Repository_03,Read,No_Condition
P0041,HR Manager,HUMA_Repository_03,Download,No_Condition
P0042,HR Manager,HUMA_Repository_03,Write,No_Condition
P0043,HR Manager,HUMA_Repository_03,Modify,No_Condition
P0044,HR Manager,HUMA_Repository_03,Upload,No_Condition
P0045,HR Manager,HUMA_Portal_04,Read,MFA_Required
P0046,HR Manager,HUMA_Portal_04,Download,MFA_Required
P0047,HR Manager,HUMA_Portal_04,Write,MFA_Required
P0048,HR Manager,HUMA_Portal_04,Modify,MFA_Required
P0049,HR Manager,HUMA_Portal_04,Upload,MFA_Required
P0050,HR Manager,HUMA_Service_05,Read,MFA_Required
P0051,HR Manager,HUMA_Service_05,Download,MFA_Required
P0052,HR Manager,HUMA_Service_05,Write,MFA_Required
P0053,HR Manager,HUMA_Service_05,Modify,MFA_Required
P0054,HR Manager,HUMA_Service_05,Upload,MFA_Required
P0055,HR Manager,HUMA_Database_06,Read,Working_Hours_Only
P0056,HR Manager,HUMA_Database_06,Download,Working_Hours_Only
P0057,HR Manager,HUMA_Database_06,Write,Working_Hours_Only
P0058,HR Manager,HUMA_Database_06,Modify,Working_Hours_Only
P0059,HR Manager,HUMA_Database_06,Upload,Working_Hours_Only
P0060,HR Manager,HUMA_Application_07,Read,MFA_Required
P0061,HR Manager,HUMA_Application_07,Download,MFA_Required
P0062,HR Manager,HUMA_Application_07,Write,MFA_Required
P0063,HR Manager,HUMA_Application_07,Modify,MFA_Required
P0064,HR Manager,HUMA_Application_07,Upload,MFA_Required
P0065,HR Manager,HUMA_Repository_08,Read,MFA_Required
P0066,HR Manager,HUMA_Repository_08,Download,MFA_Required
P0067,HR Manager,HUMA_Repository_08,Write,MFA_Required
P0068,HR Manager,HUMA_Repository_08,Modify,MFA_Required
P0069,HR Manager,HUMA_Repository_08,Upload,MFA_Required
P0070,HR Manager,HUMA_Portal_09,Read,No_Condition
P0071,HR Manager,HUMA_Portal_09,Download,No_Condition
P0072,HR Manager,HUMA_Portal_09,Write,No_Condition
P0073,HR Manager,HUMA_Portal_09,Modify,No_Condition
P0074,HR Manager,HUMA_Portal_09,Upload,No_Condition
P0075,HR Manager,HUMA_Service_10,Read,Secure_Access_Only
P0076,HR Manager,HUMA_Service_10,Download,Secure_Access_Only
P0077,HR Manager,HUMA_Service_10,Write,Secure_Access_Only
P0078,HR Manager,HUMA_Service_10,Modify,Secure_Access_Only
P0079,HR Manager,HUMA_Service_10,Upload,Secure_Access_Only
P0080,HR Manager,HUMA_Database_01,Approve,Supervisor_Approval_Required
P0081,HR Manager,HUMA_Application_02,Approve,Supervisor_Approval_Required
P0082,HR Manager,HUMA_Repository_03,Approve,Supervisor_Approval_Required
P0083,HR Manager,HUMA_Portal_04,Approve,Supervisor_Approval_Required
P0084,Cloud Administrator,INFO_Database_01,Read,MFA_Required
P0085,Cloud Administrator,INFO_Database_01,Download,MFA_Required
P0086,Cloud Administrator,INFO_Database_01,Write,MFA_Required
P0087,Cloud Administrator,INFO_Database_01,Modify,MFA_Required
P0088,Cloud Administrator,INFO_Database_01,Upload,MFA_Required
P0089,Cloud Administrator,INFO_Database_01,Execute,MFA_Required
P0090,Cloud Administrator,INFO_Database_01,Delete,MFA_Required
P0091,Cloud Administrator,INFO_Application_02,Read,Working_Hours_Only
P0092,Cloud Administrator,INFO_Application_02,Download,Working_Hours_Only
P0093,Cloud Administrator,INFO_Application_02,Write,Working_Hours_Only
P0094,Cloud Administrator,INFO_Application_02,Modify,Working_Hours_Only
P0095,Cloud Administrator,INFO_Application_02,Upload,Working_Hours_Only
P0096,Cloud Administrator,INFO_Application_02,Execute,Working_Hours_Only
P0097,Cloud Administrator,INFO_Application_02,Delete,Working_Hours_Only
P0098,Cloud Administrator,INFO_Repository_03,Read,Secure_Access_Only
P0099,Cloud Administrator,INFO_Repository_03,Download,Secure_Access_Only
P0100,Cloud Administrator,INFO_Repository_03,Write,Secure_Access_Only
P0101,Cloud Administrator,INFO_Repository_03,Modify,Secure_Access_Only
P0102,Cloud Administrator,INFO_Repository_03,Upload,Secure_Access_Only
P0103,Cloud Administrator,INFO_Repository_03,Execute,Secure_Access_Only
P0104,Cloud Administrator,INFO_Repository_03,Delete,Secure_Access_Only
P0105,Cloud Administrator,INFO_Portal_04,Read,MFA_Required
P0106,Cloud Administrator,INFO_Portal_04,Download,MFA_Required
P0107,Cloud Administrator,INFO_Portal_04,Write,MFA_Required
P0108,Cloud Administrator,INFO_Portal_04,Modify,MFA_Required
P0109,Cloud Administrator,INFO_Portal_04,Upload,MFA_Required
P0110,Cloud Administrator,INFO_Portal_04,Execute,MFA_Required
P0111,Cloud Administrator,INFO_Portal_04,Delete,MFA_Required
P0112,Cloud Administrator,INFO_Service_05,Read,Secure_Access_Only
P0113,Cloud Administrator,INFO_Service_05,Download,Secure_Access_Only
P0114,Cloud Administrator,INFO_Service_05,Write,Secure_Access_Only
P0115,Cloud Administrator,INFO_Service_05,Modify,Secure_Access_Only
P0116,Cloud Administrator,INFO_Service_05,Upload,Secure_Access_Only
P0117,Cloud Administrator,INFO_Service_05,Execute,Secure_Access_Only
P0118,Cloud Administrator,INFO_Service_05,Delete,Secure_Access_Only
P0119,Cloud Administrator,INFO_Database_06,Read,MFA_Required
P0120,Cloud Administrator,INFO_Database_06,Download,MFA_Required
P0121,Cloud Administrator,INFO_Database_06,Write,MFA_Required
P0122,Cloud Administrator,INFO_Database_06,Modify,MFA_Required
P0123,Cloud Administrator,INFO_Database_06,Upload,MFA_Required
P0124,Cloud Administrator,INFO_Database_06,Execute,MFA_Required
P0125,Cloud Administrator,INFO_Database_06,Delete,MFA_Required
P0126,Cloud Administrator,INFO_Application_07,Read,Secure_Access_Only
P0127,Cloud Administrator,INFO_Application_07,Download,Secure_Access_Only
P0128,Cloud Administrator,INFO_Application_07,Write,Secure_Access_Only
P0129,Cloud Administrator,INFO_Application_07,Modify,Secure_Access_Only
P0130,Cloud Administrator,INFO_Application_07,Upload,Secure_Access_Only
P0131,Cloud Administrator,INFO_Application_07,Execute,Secure_Access_Only
P0132,Cloud Administrator,INFO_Application_07,Delete,Secure_Access_Only
P0133,Cloud Administrator,INFO_Repository_08,Read,Secure_Access_Only
P0134,Cloud Administrator,INFO_Repository_08,Download,Secure_Access_Only
P0135,Cloud Administrator,INFO_Repository_08,Write,Secure_Access_Only
P0136,Cloud Administrator,INFO_Repository_08,Modify,Secure_Access_Only
P0137,Cloud Administrator,INFO_Repository_08,Upload,Secure_Access_Only
P0138,Cloud Administrator,INFO_Repository_08,Execute,Secure_Access_Only
P0139,Cloud Administrator,INFO_Repository_08,Delete,Secure_Access_Only
P0140,Cloud Administrator,INFO_Portal_09,Read,MFA_Required
P0141,Cloud Administrator,INFO_Portal_09,Download,MFA_Required
P0142,Cloud Administrator,INFO_Portal_09,Write,MFA_Required
P0143,Cloud Administrator,INFO_Portal_09,Modify,MFA_Required
P0144,Cloud Administrator,INFO_Portal_09,Upload,MFA_Required
P0145,Cloud Administrator,INFO_Portal_09,Execute,MFA_Required
P0146,Cloud Administrator,INFO_Portal_09,Delete,MFA_Required
P0147,Cloud Administrator,INFO_Service_10,Read,Secure_Access_Only
P0148,Cloud Administrator,INFO_Service_10,Download,Secure_Access_Only
P0149,Cloud Administrator,INFO_Service_10,Write,Secure_Access_Only
P0150,Cloud Administrator,INFO_Service_10,Modify,Secure_Access_Only
P0151,Cloud Administrator,INFO_Service_10,Upload,Secure_Access_Only
P0152,Cloud Administrator,INFO_Service_10,Execute,Secure_Access_Only
P0153,Cloud Administrator,INFO_Service_10,Delete,Secure_Access_Only
P0154,Cloud Administrator,FINA_Database_01,Read,VPN_Required
P0155,Cloud Administrator,FINA_Database_01,Download,VPN_Required
P0156,Cloud Administrator,FINA_Application_02,Read,Working_Hours_Only
P0157,Cloud Administrator,FINA_Application_02,Download,Working_Hours_Only
P0158,Cloud Administrator,FINA_Repository_03,Read,VPN_Required
P0159,Cloud Administrator,FINA_Repository_03,Download,VPN_Required
P0160,Cloud Administrator,HUMA_Database_01,Read,Working_Hours_Only
P0161,Cloud Administrator,HUMA_Database_01,Download,Working_Hours_Only
P0162,Cloud Administrator,HUMA_Application_02,Read,VPN_Required
P0163,Cloud Administrator,HUMA_Application_02,Download,VPN_Required
P0164,Cloud Administrator,HUMA_Repository_03,Read,Working_Hours_Only
P0165,Cloud Administrator,HUMA_Repository_03,Download,Working_Hours_Only
P0166,Cloud Administrator,SECU_Database_01,Read,Working_Hours_Only
P0167,Cloud Administrator,SECU_Database_01,Download,Working_Hours_Only
P0168,Cloud Administrator,SECU_Application_02,Read,VPN_Required
P0169,Cloud Administrator,SECU_Application_02,Download,VPN_Required
P0170,Cloud Administrator,SECU_Repository_03,Read,Working_Hours_Only
P0171,Cloud Administrator,SECU_Repository_03,Download,Working_Hours_Only
P0172,Cloud Administrator,LEGA_Database_01,Read,Working_Hours_Only
P0173,Cloud Administrator,LEGA_Database_01,Download,Working_Hours_Only
P0174,Cloud Administrator,LEGA_Application_02,Read,Working_Hours_Only
P0175,Cloud Administrator,LEGA_Application_02,Download,Working_Hours_Only
P0176,Cloud Administrator,LEGA_Repository_03,Read,VPN_Required
P0177,Cloud Administrator,LEGA_Repository_03,Download,VPN_Required
P0178,Cloud Administrator,SALE_Database_01,Read,Working_Hours_Only
P0179,Cloud Administrator,SALE_Database_01,Download,Working_Hours_Only
P0180,Cloud Administrator,SALE_Application_02,Read,Working_Hours_Only
P0181,Cloud Administrator,SALE_Application_02,Download,Working_Hours_Only
P0182,Cloud Administrator,SALE_Repository_03,Read,Working_Hours_Only
P0183,Cloud Administrator,SALE_Repository_03,Download,Working_Hours_Only
P0184,Cloud Administrator,MARK_Database_01,Read,VPN_Required
P0185,Cloud Administrator,MARK_Database_01,Download,VPN_Required
P0186,Cloud Administrator,MARK_Application_02,Read,VPN_Required
P0187,Cloud Administrator,MARK_Application_02,Download,VPN_Required
P0188,Cloud Administrator,MARK_Repository_03,Read,VPN_Required
P0189,Cloud Administrator,MARK_Repository_03,Download,VPN_Required
P0190,Cloud Administrator,RESE_Database_01,Read,Working_Hours_Only
P0191,Cloud Administrator,RESE_Database_01,Download,Working_Hours_Only
P0192,Cloud Administrator,RESE_Application_02,Read,VPN_Required
P0193,Cloud Administrator,RESE_Application_02,Download,VPN_Required
P0194,Cloud Administrator,RESE_Repository_03,Read,Working_Hours_Only
P0195,Cloud Administrator,RESE_Repository_03,Download,Working_Hours_Only
P0196,Cloud Administrator,PROC_Database_01,Read,VPN_Required
P0197,Cloud Administrator,PROC_Database_01,Download,VPN_Required
P0198,Cloud Administrator,PROC_Application_02,Read,VPN_Required
P0199,Cloud Administrator,PROC_Application_02,Download,VPN_Required
P0200,Cloud Administrator,PROC_Repository_03,Read,VPN_Required
P0201,Cloud Administrator,PROC_Repository_03,Download,VPN_Required
P0202,Cloud Administrator,CUST_Database_01,Read,Working_Hours_Only
P0203,Cloud Administrator,CUST_Database_01,Download,Working_Hours_Only
P0204,Cloud Administrator,CUST_Application_02,Read,VPN_Required
P0205,Cloud Administrator,CUST_Application_02,Download,VPN_Required
P0206,Cloud Administrator,CUST_Repository_03,Read,Working_Hours_Only
P0207,Cloud Administrator,CUST_Repository_03,Download,Working_Hours_Only
P0208,Database Administrator,INFO_Database_01,Read,MFA_Required
P0209,Database Administrator,INFO_Database_01,Download,MFA_Required
P0210,Database Administrator,INFO_Database_01,Write,MFA_Required
P0211,Database Administrator,INFO_Database_01,Modify,MFA_Required
P0212,Database Administrator,INFO_Database_01,Upload,MFA_Required
P0213,Database Administrator,INFO_Application_02,Read,Working_Hours_Only
P0214,Database Administrator,INFO_Application_02,Download,Working_Hours_Only
P0215,Database Administrator,INFO_Application_02,Write,Working_Hours_Only
P0216,Database Administrator,INFO_Application_02,Modify,Working_Hours_Only
P0217,Database Administrator,INFO_Application_02,Upload,Working_Hours_Only
P0218,Database Administrator,INFO_Repository_03,Read,Secure_Access_Only
P0219,Database Administrator,INFO_Repository_03,Download,Secure_Access_Only
P0220,Database Administrator,INFO_Repository_03,Write,Secure_Access_Only
P0221,Database Administrator,INFO_Repository_03,Modify,Secure_Access_Only
P0222,Database Administrator,INFO_Repository_03,Upload,Secure_Access_Only
P0223,Database Administrator,INFO_Portal_04,Read,MFA_Required
P0224,Database Administrator,INFO_Portal_04,Download,MFA_Required
P0225,Database Administrator,INFO_Portal_04,Write,MFA_Required
P0226,Database Administrator,INFO_Portal_04,Modify,MFA_Required
P0227,Database Administrator,INFO_Portal_04,Upload,MFA_Required
P0228,Database Administrator,INFO_Service_05,Read,Secure_Access_Only
P0229,Database Administrator,INFO_Service_05,Download,Secure_Access_Only
P0230,Database Administrator,INFO_Service_05,Write,Secure_Access_Only
P0231,Database Administrator,INFO_Service_05,Modify,Secure_Access_Only
P0232,Database Administrator,INFO_Service_05,Upload,Secure_Access_Only
P0233,Database Administrator,INFO_Database_06,Read,MFA_Required
P0234,Database Administrator,INFO_Database_06,Download,MFA_Required
P0235,Database Administrator,INFO_Database_06,Write,MFA_Required
P0236,Database Administrator,INFO_Database_06,Modify,MFA_Required
P0237,Database Administrator,INFO_Database_06,Upload,MFA_Required
P0238,Database Administrator,INFO_Application_07,Read,Secure_Access_Only
P0239,Database Administrator,INFO_Application_07,Download,Secure_Access_Only
P0240,Database Administrator,INFO_Application_07,Write,Secure_Access_Only
P0241,Database Administrator,INFO_Application_07,Modify,Secure_Access_Only
P0242,Database Administrator,INFO_Application_07,Upload,Secure_Access_Only
P0243,Database Administrator,INFO_Repository_08,Read,Secure_Access_Only
P0244,Database Administrator,INFO_Repository_08,Download,Secure_Access_Only
P0245,Database Administrator,INFO_Repository_08,Write,Secure_Access_Only
P0246,Database Administrator,INFO_Repository_08,Modify,Secure_Access_Only
P0247,Database Administrator,INFO_Repository_08,Upload,Secure_Access_Only
P0248,Database Administrator,INFO_Portal_09,Read,MFA_Required
P0249,Database Administrator,INFO_Portal_09,Download,MFA_Required
P0250,Database Administrator,INFO_Portal_09,Write,MFA_Required
P0251,Database Administrator,INFO_Portal_09,Modify,MFA_Required
P0252,Database Administrator,INFO_Portal_09,Upload,MFA_Required
P0253,Database Administrator,INFO_Service_10,Read,Secure_Access_Only
P0254,Database Administrator,INFO_Service_10,Download,Secure_Access_Only
P0255,Database Administrator,INFO_Service_10,Write,Secure_Access_Only
P0256,Database Administrator,INFO_Service_10,Modify,Secure_Access_Only
P0257,Database Administrator,INFO_Service_10,Upload,Secure_Access_Only
P0258,Database Administrator,FINA_Database_01,Read,VPN_Required
P0259,Database Administrator,FINA_Database_01,Download,VPN_Required
P0260,Database Administrator,FINA_Application_02,Read,Working_Hours_Only
P0261,Database Administrator,FINA_Application_02,Download,Working_Hours_Only
P0262,Database Administrator,FINA_Repository_03,Read,VPN_Required
P0263,Database Administrator,FINA_Repository_03,Download,VPN_Required
P0264,Database Administrator,RESE_Database_01,Read,Working_Hours_Only
P0265,Database Administrator,RESE_Database_01,Download,Working_Hours_Only
P0266,Database Administrator,RESE_Application_02,Read,VPN_Required
P0267,Database Administrator,RESE_Application_02,Download,VPN_Required
P0268,Database Administrator,RESE_Repository_03,Read,Working_Hours_Only
P0269,Database Administrator,RESE_Repository_03,Download,Working_Hours_Only
P0270,Database Administrator,CUST_Database_01,Read,Working_Hours_Only
P0271,Database Administrator,CUST_Database_01,Download,Working_Hours_Only
P0272,Database Administrator,CUST_Application_02,Read,VPN_Required
P0273,Database Administrator,CUST_Application_02,Download,VPN_Required
P0274,Database Administrator,CUST_Repository_03,Read,Working_Hours_Only
P0275,Database Administrator,CUST_Repository_03,Download,Working_Hours_Only
P0276,Security Analyst,SECU_Database_01,Read,Working_Hours_Only
P0277,Security Analyst,SECU_Database_01,Download,Working_Hours_Only
P0278,Security Analyst,SECU_Database_01,Write,Working_Hours_Only
P0279,Security Analyst,SECU_Database_01,Modify,Working_Hours_Only
P0280,Security Analyst,SECU_Database_01,Upload,Working_Hours_Only
P0281,Security Analyst,SECU_Application_02,Read,Secure_Access_Only
P0282,Security Analyst,SECU_Application_02,Download,Secure_Access_Only
P0283,Security Analyst,SECU_Repository_03,Read,No_Condition
P0284,Security Analyst,SECU_Repository_03,Download,No_Condition
P0285,Security Analyst,SECU_Repository_03,Write,No_Condition
P0286,Security Analyst,SECU_Repository_03,Modify,No_Condition
P0287,Security Analyst,SECU_Repository_03,Upload,No_Condition
P0288,Security Analyst,SECU_Portal_04,Read,Secure_Access_Only
P0289,Security Analyst,SECU_Portal_04,Download,Secure_Access_Only
P0290,Security Analyst,SECU_Service_05,Read,Secure_Access_Only
P0291,Security Analyst,SECU_Service_05,Download,Secure_Access_Only
P0292,Security Analyst,SECU_Database_06,Read,Secure_Access_Only
P0293,Security Analyst,SECU_Database_06,Download,Secure_Access_Only
P0294,Security Analyst,SECU_Application_07,Read,Secure_Access_Only
P0295,Security Analyst,SECU_Application_07,Download,Secure_Access_Only
P0296,Security Analyst,SECU_Repository_08,Read,MFA_Required
P0297,Security Analyst,SECU_Repository_08,Download,MFA_Required
P0298,Security Analyst,SECU_Portal_09,Read,Secure_Access_Only
P0299,Security Analyst,SECU_Portal_09,Download,Secure_Access_Only
P0300,Security Analyst,SECU_Service_10,Read,Working_Hours_Only
P0301,Security Analyst,SECU_Service_10,Download,Working_Hours_Only
P0302,Security Analyst,SECU_Service_10,Write,Working_Hours_Only
P0303,Security Analyst,SECU_Service_10,Modify,Working_Hours_Only
P0304,Security Analyst,SECU_Service_10,Upload,Working_Hours_Only
P0305,Security Analyst,INFO_Database_01,Read,VPN_Required
P0306,Security Analyst,INFO_Database_01,Download,VPN_Required
P0307,Security Analyst,INFO_Application_02,Read,Working_Hours_Only
P0308,Security Analyst,INFO_Application_02,Download,Working_Hours_Only
P0309,Security Analyst,INFO_Repository_03,Read,VPN_Required
P0310,Security Analyst,INFO_Repository_03,Download,VPN_Required
P0311,Security Analyst,LEGA_Database_01,Read,Working_Hours_Only
P0312,Security Analyst,LEGA_Database_01,Download,Working_Hours_Only
P0313,Security Analyst,LEGA_Application_02,Read,Working_Hours_Only
P0314,Security Analyst,LEGA_Application_02,Download,Working_Hours_Only
P0315,Security Analyst,LEGA_Repository_03,Read,VPN_Required
P0316,Security Analyst,LEGA_Repository_03,Download,VPN_Required
P0317,Security Analyst,HUMA_Database_01,Read,Working_Hours_Only
P0318,Security Analyst,HUMA_Database_01,Download,Working_Hours_Only
P0319,Security Analyst,HUMA_Application_02,Read,VPN_Required
P0320,Security Analyst,HUMA_Application_02,Download,VPN_Required
P0321,Security Analyst,HUMA_Repository_03,Read,Working_Hours_Only
P0322,Security Analyst,HUMA_Repository_03,Download,Working_Hours_Only
P0323,Compliance Officer,LEGA_Database_01,Read,No_Condition
P0324,Compliance Officer,LEGA_Database_01,Download,No_Condition
P0325,Compliance Officer,LEGA_Database_01,Write,No_Condition
P0326,Compliance Officer,LEGA_Database_01,Modify,No_Condition
P0327,Compliance Officer,LEGA_Database_01,Upload,No_Condition
P0328,Compliance Officer,LEGA_Application_02,Read,Working_Hours_Only
P0329,Compliance Officer,LEGA_Application_02,Download,Working_Hours_Only
P0330,Compliance Officer,LEGA_Application_02,Write,Working_Hours_Only
P0331,Compliance Officer,LEGA_Application_02,Modify,Working_Hours_Only
P0332,Compliance Officer,LEGA_Application_02,Upload,Working_Hours_Only
P0333,Compliance Officer,LEGA_Repository_03,Read,Secure_Access_Only
P0334,Compliance Officer,LEGA_Repository_03,Download,Secure_Access_Only
P0335,Compliance Officer,LEGA_Repository_03,Write,Secure_Access_Only
P0336,Compliance Officer,LEGA_Repository_03,Modify,Secure_Access_Only
P0337,Compliance Officer,LEGA_Repository_03,Upload,Secure_Access_Only
P0338,Compliance Officer,LEGA_Portal_04,Read,Secure_Access_Only
P0339,Compliance Officer,LEGA_Portal_04,Download,Secure_Access_Only
P0340,Compliance Officer,LEGA_Portal_04,Write,Secure_Access_Only
P0341,Compliance Officer,LEGA_Portal_04,Modify,Secure_Access_Only
P0342,Compliance Officer,LEGA_Portal_04,Upload,Secure_Access_Only
P0343,Compliance Officer,LEGA_Service_05,Read,Secure_Access_Only
P0344,Compliance Officer,LEGA_Service_05,Download,Secure_Access_Only
P0345,Compliance Officer,LEGA_Service_05,Write,Secure_Access_Only
P0346,Compliance Officer,LEGA_Service_05,Modify,Secure_Access_Only
P0347,Compliance Officer,LEGA_Service_05,Upload,Secure_Access_Only
P0348,Compliance Officer,LEGA_Database_06,Read,Secure_Access_Only
P0349,Compliance Officer,LEGA_Database_06,Download,Secure_Access_Only
P0350,Compliance Officer,LEGA_Database_06,Write,Secure_Access_Only
P0351,Compliance Officer,LEGA_Database_06,Modify,Secure_Access_Only
P0352,Compliance Officer,LEGA_Database_06,Upload,Secure_Access_Only
P0353,Compliance Officer,LEGA_Application_07,Read,MFA_Required
P0354,Compliance Officer,LEGA_Application_07,Download,MFA_Required
P0355,Compliance Officer,LEGA_Application_07,Write,MFA_Required
P0356,Compliance Officer,LEGA_Application_07,Modify,MFA_Required
P0357,Compliance Officer,LEGA_Application_07,Upload,MFA_Required
P0358,Compliance Officer,LEGA_Repository_08,Read,Working_Hours_Only
P0359,Compliance Officer,LEGA_Repository_08,Download,Working_Hours_Only
P0360,Compliance Officer,LEGA_Repository_08,Write,Working_Hours_Only
P0361,Compliance Officer,LEGA_Repository_08,Modify,Working_Hours_Only
P0362,Compliance Officer,LEGA_Repository_08,Upload,Working_Hours_Only
P0363,Compliance Officer,LEGA_Portal_09,Read,Secure_Access_Only
P0364,Compliance Officer,LEGA_Portal_09,Download,Secure_Access_Only
P0365,Compliance Officer,LEGA_Portal_09,Write,Secure_Access_Only
P0366,Compliance Officer,LEGA_Portal_09,Modify,Secure_Access_Only
P0367,Compliance Officer,LEGA_Portal_09,Upload,Secure_Access_Only
P0368,Compliance Officer,LEGA_Service_10,Read,Secure_Access_Only
P0369,Compliance Officer,LEGA_Service_10,Download,Secure_Access_Only
P0370,Compliance Officer,LEGA_Service_10,Write,Secure_Access_Only
P0371,Compliance Officer,LEGA_Service_10,Modify,Secure_Access_Only
P0372,Compliance Officer,LEGA_Service_10,Upload,Secure_Access_Only
P0373,Compliance Officer,LEGA_Database_01,Approve,Supervisor_Approval_Required
P0374,Compliance Officer,LEGA_Application_02,Approve,Supervisor_Approval_Required
P0375,Compliance Officer,LEGA_Repository_03,Approve,Supervisor_Approval_Required
P0376,Compliance Officer,LEGA_Portal_04,Approve,Supervisor_Approval_Required
P0377,Compliance Officer,FINA_Database_01,Read,VPN_Required
P0378,Compliance Officer,FINA_Database_01,Download,VPN_Required
P0379,Compliance Officer,FINA_Application_02,Read,Working_Hours_Only
P0380,Compliance Officer,FINA_Application_02,Download,Working_Hours_Only
P0381,Compliance Officer,FINA_Repository_03,Read,VPN_Required
P0382,Compliance Officer,FINA_Repository_03,Download,VPN_Required
P0383,Compliance Officer,HUMA_Database_01,Read,Working_Hours_Only
P0384,Compliance Officer,HUMA_Database_01,Download,Working_Hours_Only
P0385,Compliance Officer,HUMA_Application_02,Read,VPN_Required
P0386,Compliance Officer,HUMA_Application_02,Download,VPN_Required
P0387,Compliance Officer,HUMA_Repository_03,Read,Working_Hours_Only
P0388,Compliance Officer,HUMA_Repository_03,Download,Working_Hours_Only
P0389,Compliance Officer,PROC_Database_01,Read,VPN_Required
P0390,Compliance Officer,PROC_Database_01,Download,VPN_Required
P0391,Compliance Officer,PROC_Application_02,Read,VPN_Required
P0392,Compliance Officer,PROC_Application_02,Download,VPN_Required
P0393,Compliance Officer,PROC_Repository_03,Read,VPN_Required
P0394,Compliance Officer,PROC_Repository_03,Download,VPN_Required
P0395,Sales Executive,SALE_Database_01,Read,No_Condition
P0396,Sales Executive,SALE_Database_01,Download,No_Condition
P0397,Sales Executive,SALE_Database_01,Write,No_Condition
P0398,Sales Executive,SALE_Database_01,Modify,No_Condition
P0399,Sales Executive,SALE_Database_01,Upload,No_Condition
P0400,Sales Executive,SALE_Application_02,Read,Working_Hours_Only
P0401,Sales Executive,SALE_Application_02,Download,Working_Hours_Only
P0402,Sales Executive,SALE_Application_02,Write,Working_Hours_Only
P0403,Sales Executive,SALE_Application_02,Modify,Working_Hours_Only
P0404,Sales Executive,SALE_Application_02,Upload,Working_Hours_Only
P0405,Sales Executive,SALE_Repository_03,Read,Working_Hours_Only
P0406,Sales Executive,SALE_Repository_03,Download,Working_Hours_Only
P0407,Sales Executive,SALE_Repository_03,Write,Working_Hours_Only
P0408,Sales Executive,SALE_Repository_03,Modify,Working_Hours_Only
P0409,Sales Executive,SALE_Repository_03,Upload,Working_Hours_Only
P0410,Sales Executive,SALE_Portal_04,Read,Working_Hours_Only
P0411,Sales Executive,SALE_Portal_04,Download,Working_Hours_Only
P0412,Sales Executive,SALE_Portal_04,Write,Working_Hours_Only
P0413,Sales Executive,SALE_Portal_04,Modify,Working_Hours_Only
P0414,Sales Executive,SALE_Portal_04,Upload,Working_Hours_Only
P0415,Sales Executive,SALE_Service_05,Read,Working_Hours_Only
P0416,Sales Executive,SALE_Service_05,Download,Working_Hours_Only
P0417,Sales Executive,SALE_Service_05,Write,Working_Hours_Only
P0418,Sales Executive,SALE_Service_05,Modify,Working_Hours_Only
P0419,Sales Executive,SALE_Service_05,Upload,Working_Hours_Only
P0420,Sales Executive,SALE_Database_06,Read,MFA_Required
P0421,Sales Executive,SALE_Database_06,Download,MFA_Required
P0422,Sales Executive,SALE_Application_07,Read,No_Condition
P0423,Sales Executive,SALE_Application_07,Download,No_Condition
P0424,Sales Executive,SALE_Application_07,Write,No_Condition
P0425,Sales Executive,SALE_Application_07,Modify,No_Condition
P0426,Sales Executive,SALE_Application_07,Upload,No_Condition
P0427,Sales Executive,SALE_Repository_08,Read,MFA_Required
P0428,Sales Executive,SALE_Repository_08,Download,MFA_Required
P0429,Sales Executive,SALE_Portal_09,Read,No_Condition
P0430,Sales Executive,SALE_Portal_09,Download,No_Condition
P0431,Sales Executive,SALE_Portal_09,Write,No_Condition
P0432,Sales Executive,SALE_Portal_09,Modify,No_Condition
P0433,Sales Executive,SALE_Portal_09,Upload,No_Condition
P0434,Sales Executive,SALE_Service_10,Read,MFA_Required
P0435,Sales Executive,SALE_Service_10,Download,MFA_Required
P0436,Marketing Manager,MARK_Database_01,Read,Secure_Access_Only
P0437,Marketing Manager,MARK_Database_01,Download,Secure_Access_Only
P0438,Marketing Manager,MARK_Database_01,Write,Secure_Access_Only
P0439,Marketing Manager,MARK_Database_01,Modify,Secure_Access_Only
P0440,Marketing Manager,MARK_Database_01,Upload,Secure_Access_Only
P0441,Marketing Manager,MARK_Application_02,Read,Secure_Access_Only
P0442,Marketing Manager,MARK_Application_02,Download,Secure_Access_Only
P0443,Marketing Manager,MARK_Application_02,Write,Secure_Access_Only
P0444,Marketing Manager,MARK_Application_02,Modify,Secure_Access_Only
P0445,Marketing Manager,MARK_Application_02,Upload,Secure_Access_Only
P0446,Marketing Manager,MARK_Repository_03,Read,Secure_Access_Only
P0447,Marketing Manager,MARK_Repository_03,Download,Secure_Access_Only
P0448,Marketing Manager,MARK_Repository_03,Write,Secure_Access_Only
P0449,Marketing Manager,MARK_Repository_03,Modify,Secure_Access_Only
P0450,Marketing Manager,MARK_Repository_03,Upload,Secure_Access_Only
P0451,Marketing Manager,MARK_Portal_04,Read,Secure_Access_Only
P0452,Marketing Manager,MARK_Portal_04,Download,Secure_Access_Only
P0453,Marketing Manager,MARK_Portal_04,Write,Secure_Access_Only
P0454,Marketing Manager,MARK_Portal_04,Modify,Secure_Access_Only
P0455,Marketing Manager,MARK_Portal_04,Upload,Secure_Access_Only
P0456,Marketing Manager,MARK_Service_05,Read,Working_Hours_Only
P0457,Marketing Manager,MARK_Service_05,Download,Working_Hours_Only
P0458,Marketing Manager,MARK_Service_05,Write,Working_Hours_Only
P0459,Marketing Manager,MARK_Service_05,Modify,Working_Hours_Only
P0460,Marketing Manager,MARK_Service_05,Upload,Working_Hours_Only
P0461,Marketing Manager,MARK_Database_06,Read,Working_Hours_Only
P0462,Marketing Manager,MARK_Database_06,Download,Working_Hours_Only
P0463,Marketing Manager,MARK_Database_06,Write,Working_Hours_Only
P0464,Marketing Manager,MARK_Database_06,Modify,Working_Hours_Only
P0465,Marketing Manager,MARK_Database_06,Upload,Working_Hours_Only
P0466,Marketing Manager,MARK_Application_07,Read,MFA_Required
P0467,Marketing Manager,MARK_Application_07,Download,MFA_Required
P0468,Marketing Manager,MARK_Application_07,Write,MFA_Required
P0469,Marketing Manager,MARK_Application_07,Modify,MFA_Required
P0470,Marketing Manager,MARK_Application_07,Upload,MFA_Required
P0471,Marketing Manager,MARK_Repository_08,Read,Secure_Access_Only
P0472,Marketing Manager,MARK_Repository_08,Download,Secure_Access_Only
P0473,Marketing Manager,MARK_Repository_08,Write,Secure_Access_Only
P0474,Marketing Manager,MARK_Repository_08,Modify,Secure_Access_Only
P0475,Marketing Manager,MARK_Repository_08,Upload,Secure_Access_Only
P0476,Marketing Manager,MARK_Portal_09,Read,Secure_Access_Only
P0477,Marketing Manager,MARK_Portal_09,Download,Secure_Access_Only
P0478,Marketing Manager,MARK_Portal_09,Write,Secure_Access_Only
P0479,Marketing Manager,MARK_Portal_09,Modify,Secure_Access_Only
P0480,Marketing Manager,MARK_Portal_09,Upload,Secure_Access_Only
P0481,Marketing Manager,MARK_Service_10,Read,Working_Hours_Only
P0482,Marketing Manager,MARK_Service_10,Download,Working_Hours_Only
P0483,Marketing Manager,MARK_Service_10,Write,Working_Hours_Only
P0484,Marketing Manager,MARK_Service_10,Modify,Working_Hours_Only
P0485,Marketing Manager,MARK_Service_10,Upload,Working_Hours_Only
P0486,Marketing Manager,MARK_Database_01,Approve,Supervisor_Approval_Required
P0487,Marketing Manager,MARK_Application_02,Approve,Supervisor_Approval_Required
P0488,Marketing Manager,MARK_Repository_03,Approve,Supervisor_Approval_Required
P0489,Marketing Manager,MARK_Portal_04,Approve,Supervisor_Approval_Required
P0490,Data Scientist,RESE_Database_01,Read,No_Condition
P0491,Data Scientist,RESE_Database_01,Download,No_Condition
P0492,Data Scientist,RESE_Database_01,Write,No_Condition
P0493,Data Scientist,RESE_Database_01,Modify,No_Condition
P0494,Data Scientist,RESE_Database_01,Upload,No_Condition
P0495,Data Scientist,RESE_Application_02,Read,Secure_Access_Only
P0496,Data Scientist,RESE_Application_02,Download,Secure_Access_Only
P0497,Data Scientist,RESE_Repository_03,Read,No_Condition
P0498,Data Scientist,RESE_Repository_03,Download,No_Condition
P0499,Data Scientist,RESE_Repository_03,Write,No_Condition
P0500,Data Scientist,RESE_Repository_03,Modify,No_Condition
P0501,Data Scientist,RESE_Repository_03,Upload,No_Condition
P0502,Data Scientist,RESE_Portal_04,Read,MFA_Required
P0503,Data Scientist,RESE_Portal_04,Download,MFA_Required
P0504,Data Scientist,RESE_Service_05,Read,MFA_Required
P0505,Data Scientist,RESE_Service_05,Download,MFA_Required
P0506,Data Scientist,RESE_Database_06,Read,MFA_Required
P0507,Data Scientist,RESE_Database_06,Download,MFA_Required
P0508,Data Scientist,RESE_Application_07,Read,Secure_Access_Only
P0509,Data Scientist,RESE_Application_07,Download,Secure_Access_Only
P0510,Data Scientist,RESE_Repository_08,Read,No_Condition
P0511,Data Scientist,RESE_Repository_08,Download,No_Condition
P0512,Data Scientist,RESE_Repository_08,Write,No_Condition
P0513,Data Scientist,RESE_Repository_08,Modify,No_Condition
P0514,Data Scientist,RESE_Repository_08,Upload,No_Condition
P0515,Data Scientist,RESE_Portal_09,Read,MFA_Required
P0516,Data Scientist,RESE_Portal_09,Download,MFA_Required
P0517,Data Scientist,RESE_Service_10,Read,MFA_Required
P0518,Data Scientist,RESE_Service_10,Download,MFA_Required
P0519,Data Scientist,SALE_Database_01,Read,Working_Hours_Only
P0520,Data Scientist,SALE_Database_01,Download,Working_Hours_Only
P0521,Data Scientist,SALE_Application_02,Read,Working_Hours_Only
P0522,Data Scientist,SALE_Application_02,Download,Working_Hours_Only
P0523,Data Scientist,SALE_Repository_03,Read,Working_Hours_Only
P0524,Data Scientist,SALE_Repository_03,Download,Working_Hours_Only
P0525,Data Scientist,MARK_Database_01,Read,VPN_Required
P0526,Data Scientist,MARK_Database_01,Download,VPN_Required
P0527,Data Scientist,MARK_Application_02,Read,VPN_Required
P0528,Data Scientist,MARK_Application_02,Download,VPN_Required
P0529,Data Scientist,MARK_Repository_03,Read,VPN_Required
P0530,Data Scientist,MARK_Repository_03,Download,VPN_Required
P0531,Data Scientist,CUST_Database_01,Read,Working_Hours_Only
P0532,Data Scientist,CUST_Database_01,Download,Working_Hours_Only
P0533,Data Scientist,CUST_Application_02,Read,VPN_Required
P0534,Data Scientist,CUST_Application_02,Download,VPN_Required
P0535,Data Scientist,CUST_Repository_03,Read,Working_Hours_Only
P0536,Data Scientist,CUST_Repository_03,Download,Working_Hours_Only
P0537,Software Engineer,RESE_Database_01,Read,No_Condition
P0538,Software Engineer,RESE_Database_01,Download,No_Condition
P0539,Software Engineer,RESE_Database_01,Write,No_Condition
P0540,Software Engineer,RESE_Database_01,Modify,No_Condition
P0541,Software Engineer,RESE_Database_01,Upload,No_Condition
P0542,Software Engineer,RESE_Application_02,Read,Secure_Access_Only
P0543,Software Engineer,RESE_Application_02,Download,Secure_Access_Only
P0544,Software Engineer,RESE_Repository_03,Read,No_Condition
P0545,Software Engineer,RESE_Repository_03,Download,No_Condition
P0546,Software Engineer,RESE_Repository_03,Write,No_Condition
P0547,Software Engineer,RESE_Repository_03,Modify,No_Condition
P0548,Software Engineer,RESE_Repository_03,Upload,No_Condition
P0549,Software Engineer,RESE_Portal_04,Read,MFA_Required
P0550,Software Engineer,RESE_Portal_04,Download,MFA_Required
P0551,Software Engineer,RESE_Service_05,Read,MFA_Required
P0552,Software Engineer,RESE_Service_05,Download,MFA_Required
P0553,Software Engineer,RESE_Database_06,Read,MFA_Required
P0554,Software Engineer,RESE_Database_06,Download,MFA_Required
P0555,Software Engineer,RESE_Application_07,Read,Secure_Access_Only
P0556,Software Engineer,RESE_Application_07,Download,Secure_Access_Only
P0557,Software Engineer,RESE_Repository_08,Read,No_Condition
P0558,Software Engineer,RESE_Repository_08,Download,No_Condition
P0559,Software Engineer,RESE_Repository_08,Write,No_Condition
P0560,Software Engineer,RESE_Repository_08,Modify,No_Condition
P0561,Software Engineer,RESE_Repository_08,Upload,No_Condition
P0562,Software Engineer,RESE_Portal_09,Read,MFA_Required
P0563,Software Engineer,RESE_Portal_09,Download,MFA_Required
P0564,Software Engineer,RESE_Service_10,Read,MFA_Required
P0565,Software Engineer,RESE_Service_10,Download,MFA_Required
P0566,Procurement Officer,PROC_Database_01,Read,Secure_Access_Only
P0567,Procurement Officer,PROC_Database_01,Download,Secure_Access_Only
P0568,Procurement Officer,PROC_Application_02,Read,MFA_Required
P0569,Procurement Officer,PROC_Application_02,Download,MFA_Required
P0570,Procurement Officer,PROC_Repository_03,Read,Secure_Access_Only
P0571,Procurement Officer,PROC_Repository_03,Download,Secure_Access_Only
P0572,Procurement Officer,PROC_Portal_04,Read,Secure_Access_Only
P0573,Procurement Officer,PROC_Portal_04,Download,Secure_Access_Only
P0574,Procurement Officer,PROC_Service_05,Read,MFA_Required
P0575,Procurement Officer,PROC_Service_05,Download,MFA_Required
P0576,Procurement Officer,PROC_Database_06,Read,Secure_Access_Only
P0577,Procurement Officer,PROC_Database_06,Download,Secure_Access_Only
P0578,Procurement Officer,PROC_Application_07,Read,MFA_Required
P0579,Procurement Officer,PROC_Application_07,Download,MFA_Required
P0580,Procurement Officer,PROC_Repository_08,Read,Working_Hours_Only
P0581,Procurement Officer,PROC_Repository_08,Download,Working_Hours_Only
P0582,Procurement Officer,PROC_Repository_08,Write,Working_Hours_Only
P0583,Procurement Officer,PROC_Repository_08,Modify,Working_Hours_Only
P0584,Procurement Officer,PROC_Repository_08,Upload,Working_Hours_Only
P0585,Procurement Officer,PROC_Portal_09,Read,Secure_Access_Only
P0586,Procurement Officer,PROC_Portal_09,Download,Secure_Access_Only
P0587,Procurement Officer,PROC_Service_10,Read,Secure_Access_Only
P0588,Procurement Officer,PROC_Service_10,Download,Secure_Access_Only
P0589,Customer Support Agent,CUST_Database_01,Read,No_Condition
P0590,Customer Support Agent,CUST_Database_01,Download,No_Condition
P0591,Customer Support Agent,CUST_Database_01,Write,No_Condition
P0592,Customer Support Agent,CUST_Database_01,Modify,No_Condition
P0593,Customer Support Agent,CUST_Database_01,Upload,No_Condition
P0594,Customer Support Agent,CUST_Application_02,Read,Secure_Access_Only
P0595,Customer Support Agent,CUST_Application_02,Download,Secure_Access_Only
P0596,Customer Support Agent,CUST_Repository_03,Read,No_Condition
P0597,Customer Support Agent,CUST_Repository_03,Download,No_Condition
P0598,Customer Support Agent,CUST_Repository_03,Write,No_Condition
P0599,Customer Support Agent,CUST_Repository_03,Modify,No_Condition
P0600,Customer Support Agent,CUST_Repository_03,Upload,No_Condition
P0601,Customer Support Agent,CUST_Portal_04,Read,Working_Hours_Only
P0602,Customer Support Agent,CUST_Portal_04,Download,Working_Hours_Only
P0603,Customer Support Agent,CUST_Portal_04,Write,Working_Hours_Only
P0604,Customer Support Agent,CUST_Portal_04,Modify,Working_Hours_Only
P0605,Customer Support Agent,CUST_Portal_04,Upload,Working_Hours_Only
P0606,Customer Support Agent,CUST_Service_05,Read,Working_Hours_Only
P0607,Customer Support Agent,CUST_Service_05,Download,Working_Hours_Only
P0608,Customer Support Agent,CUST_Service_05,Write,Working_Hours_Only
P0609,Customer Support Agent,CUST_Service_05,Modify,Working_Hours_Only
P0610,Customer Support Agent,CUST_Service_05,Upload,Working_Hours_Only
P0611,Customer Support Agent,CUST_Database_06,Read,Secure_Access_Only
P0612,Customer Support Agent,CUST_Database_06,Download,Secure_Access_Only
P0613,Customer Support Agent,CUST_Application_07,Read,Working_Hours_Only
P0614,Customer Support Agent,CUST_Application_07,Download,Working_Hours_Only
P0615,Customer Support Agent,CUST_Application_07,Write,Working_Hours_Only
P0616,Customer Support Agent,CUST_Application_07,Modify,Working_Hours_Only
P0617,Customer Support Agent,CUST_Application_07,Upload,Working_Hours_Only
P0618,Customer Support Agent,CUST_Repository_08,Read,Working_Hours_Only
P0619,Customer Support Agent,CUST_Repository_08,Download,Working_Hours_Only
P0620,Customer Support Agent,CUST_Repository_08,Write,Working_Hours_Only
P0621,Customer Support Agent,CUST_Repository_08,Modify,Working_Hours_Only
P0622,Customer Support Agent,CUST_Repository_08,Upload,Working_Hours_Only
P0623,Customer Support Agent,CUST_Portal_09,Read,Working_Hours_Only
P0624,Customer Support Agent,CUST_Portal_09,Download,Working_Hours_Only
P0625,Customer Support Agent,CUST_Portal_09,Write,Working_Hours_Only
P0626,Customer Support Agent,CUST_Portal_09,Modify,Working_Hours_Only
P0627,Customer Support Agent,CUST_Portal_09,Upload,Working_Hours_Only
P0628,Customer Support Agent,CUST_Service_10,Read,No_Condition
P0629,Customer Support Agent,CUST_Service_10,Download,No_Condition
P0630,Customer Support Agent,CUST_Service_10,Write,No_Condition
P0631,Customer Support Agent,CUST_Service_10,Modify,No_Condition
P0632,Customer Support Agent,CUST_Service_10,Upload,No_Condition
