Mapping_ID,Resource_ID,Document_ID
MAP0001,RS001,KD001
MAP0002,RS002,KD002
MAP0003,RS003,KD003
MAP0004,RS004,KD004
MAP0005,RS005,KD005
MAP0006,RS006,KD006
MAP0007,RS007,KD007
MAP0008,RS008,KD008
MAP0009,RS009,KD009
MAP0010,RS010,KD010
MAP0011,RS011,KD011
MAP0012,RS012,KD012
MAP0013,RS013,KD013
MAP0014,RS014,KD014
MAP0015,RS015,KD015
MAP0016,RS016,KD016
MAP0017,RS017,KD017
MAP0018,RS018,KD018
MAP0019,RS019,KD019
MAP0020,RS020,KD020
MAP0021,RS021,KD021
MAP0022,RS022,KD022
MAP0023,RS023,KD023
MAP0024,RS024,KD024
MAP0025,RS025,KD025
MAP0026,RS026,KD026
MAP0027,RS027,KD027
MAP0028,RS028,KD028
MAP0029,RS029,KD029
MAP0030,RS030,KD030
MAP0031,RS031,KD031
MAP0032,RS032,KD032
MAP0033,RS033,KD033
MAP0034,RS034,KD034
MAP0035,RS035,KD035
MAP0036,RS036,KD036
MAP0037,RS037,KD037
MAP0038,RS038,KD038
MAP0039,RS039,KD039
MAP0040,RS040,KD040
MAP0041,RS041,KD041
MAP0042,RS042,KD042
MAP0043,RS043,KD043
MAP0044,RS044,KD044
MAP0045,RS045,KD045
MAP0046,RS046,KD046
MAP0047,RS047,KD047
MAP0048,RS048,KD048
MAP0049,RS049,KD049
MAP0050,RS050,KD050
MAP0051,RS051,KD051
MAP0052,RS052,KD052
MAP0053,RS053,KD053
MAP0054,RS054,KD054
MAP0055,RS055,KD055
MAP0056,RS056,KD056
MAP0057,RS057,KD057
MAP0058,RS058,KD058
MAP0059,RS059,KD059
MAP0060,RS060,KD060
MAP0061,RS061,KD061
MAP0062,RS062,KD062
MAP0063,RS063,KD063
MAP0064,RS064,KD064
MAP0065,RS065,KD065
MAP0066,RS066,KD066
MAP0067,RS067,KD067
MAP0068,RS068,KD068
MAP0069,RS069,KD069
MAP0070,RS070,KD070
MAP0071,RS071,KD071
MAP0072,RS072,KD072
MAP0073,RS073,KD073
MAP0074,RS074,KD074
MAP0075,RS075,KD075
MAP0076,RS076,KD076
MAP0077,RS077,KD077
MAP0078,RS078,KD078
MAP0079,RS079,KD079
MAP0080,RS080,KD080
MAP0081,RS081,KD081
MAP0082,RS082,KD082
MAP0083,RS083,KD083
MAP0084,RS084,KD084
MAP0085,RS085,KD085
MAP0086,RS086,KD086
MAP0087,RS087,KD087
MAP0088,RS088,KD088
MAP0089,RS089,KD089
MAP0090,RS090,KD090
MAP0091,RS091,KD091
MAP0092,RS092,KD092
MAP0093,RS093,KD093
MAP0094,RS094,KD094
MAP0095,RS095,KD095
MAP0096,RS096,KD096
MAP0097,RS097,KD097
MAP0098,RS098,KD098
MAP0099,RS099,KD099
MAP0100,RS100,KD100
