User_ID,Full_Name,Email,Role,Department,Account_Status,Account_Created_Date
U00001,Elena Costa,elena.costa1@enterprise-corp.com,Finance Analyst,Finance,Active,2023-05-29
U00002,Leila Muller,leila.muller2@enterprise-corp.com,HR Manager,Human Resources,Active,2024-11-02
U00003,Leila Silva,leila.silva3@enterprise-corp.com,Cloud Administrator,Information Technology,Active,2024-03-28
U00004,Aarav Novak,aarav.novak4@enterprise-corp.com,Database Administrator,Information Technology,Active,2024-11-04
U00005,Nadia Costa,nadia.costa5@enterprise-corp.com,Security Analyst,Security Operations,Active,2024-01-03
U00006,Elena Costa,elena.costa6@enterprise-corp.com,Compliance Officer,Legal and Compliance,Active,2023-05-07
U00007,Ryan Nakamura,ryan.nakamura7@enterprise-corp.com,Sales Executive,Sales,Active,2024-07-08
U00008,Elena Wilson,elena.wilson8@enterprise-corp.com,Marketing Manager,Marketing,Active,2024-09-08
U00009,Omar Fernandes,omar.fernandes9@enterprise-corp.com,Data Scientist,Research and Development,Active,2024-08-23
U00010,Ines Ahmed,ines.ahmed10@enterprise-corp.com,Software Engineer,Research and Development,Active,2023-09-22
U00011,Noah Lindqvist,noah.lindqvist11@enterprise-corp.com,Procurement Officer,Procurement,Active,2023-02-12
U00012,Leila Wilson,leila.wilson12@enterprise-corp.com,Customer Support Agent,Customer Support,Active,2023-02-02
U00013,Lucas Tanaka,lucas.tanaka13@enterprise-corp.com,Finance Analyst,Finance,Active,2024-10-20
U00014,Zara Fernandes,zara.fernandes14@enterprise-corp.com,HR Manager,Human Resources,Active,2024-02-12
U00015,Mateo Kaur,mateo.kaur15@enterprise-corp.com,Cloud Administrator,Information Technology,Active,2023-05-25
U00016,Ryan Novak,ryan.novak16@enterprise-corp.com,Database Administrator,Information Technology,Active,2023-12-02
U00017,Noah Nakamura,noah.nakamura17@enterprise-corp.com,Security Analyst,Security Operations,Active,2024-01-11
U00018,Aarav Costa,aarav.costa18@enterprise-corp.com,Compliance Officer,Legal and Compliance,Active,2023-05-20
U00019,Nadia Reyes,nadia.reyes19@enterprise-corp.com,Sales Executive,Sales,Active,2023-05-27
U00020,Leila Silva,leila.silva20@enterprise-corp.com,Marketing Manager,Marketing,Active,2024-08-15
U00021,Nadia Rossi,nadia.rossi21@enterprise-corp.com,Data Scientist,Research and Development,Active,2024-07-26
U00022,Nadia Haddad,nadia.haddad22@enterprise-corp.com,Software Engineer,Research and Development,Active,2024-11-26
U00023,Mateo Fernandes,mateo.fernandes23@enterprise-corp.com,Procurement Officer,Procurement,Active,2023-09-30
U00024,Sofia Nakamura,sofia.nakamura24@enterprise-corp.com,Customer Support Agent,Customer Support,Active,2023-06-18
U00025,Aisha Tanaka,aisha.tanaka25@enterprise-corp.com,Finance Analyst,Finance,Active,2023-06-03
U00026,Noah Ahmed,noah.ahmed26@enterprise-corp.com,HR Manager,Human Resources,Active,2024-06-04
U00027,Sofia Costa,sofia.costa27@enterprise-corp.com,Cloud Administrator,Information Technology,Active,2023-05-22
U00028,Ines Reyes,ines.reyes28@enterprise-corp.com,Database Administrator,Information Technology,Active,2023-05-29
U00029,Aarav Fernandes,aarav.fernandes29@enterprise-corp.com,Security Analyst,Security Operations,Active,2024-06-04
U00030,Daniel Ahmed,daniel.ahmed30@enterprise-corp.com,Compliance Officer,Legal and Compliance,Active,2023-05-10
U00031,Zara Sharma,zara.sharma31@enterprise-corp.com,Sales Executive,Sales,Active,2023-10-10
U00032,Daniel Ahmed,daniel.ahmed32@enterprise-corp.com,Marketing Manager,Marketing,Active,2024-10-16
U00033,Mei Tanaka,mei.tanaka33@enterprise-corp.com,Data Scientist,Research and Development,Active,2024-11-12
U00034,Daniel Reyes,daniel.reyes34@enterprise-corp.com,Software Engineer,Research and Development,Active,2023-04-16
U00035,Priya Tanaka,priya.tanaka35@enterprise-corp.com,Procurement Officer,Procurement,Active,2024-11-12
U00036,Liam Tanaka,liam.tanaka36@enterprise-corp.com,Customer Support Agent,Customer Support,Active,2023-04-14
U00037,Aisha Costa,aisha.costa37@enterprise-corp.com,Finance Analyst,Finance,Active,2024-04-21
U00038,Lucas Silva,lucas.silva38@enterprise-corp.com,HR Manager,Human Resources,Active,2023-06-02
U00039,Mei Silva,mei.silva39@enterprise-corp.com,Cloud Administrator,Information Technology,Active,2023-04-25
U00040,Aisha Rossi,aisha.rossi40@enterprise-corp.com,Database Administrator,Information Technology,Active,2024-04-09
U00041,Zara Tanaka,zara.tanaka41@enterprise-corp.com,Security Analyst,Security Operations,Active,2024-06-05
U00042,Priya Muller,priya.muller42@enterprise-corp.com,Compliance Officer,Legal and Compliance,Active,2023-11-03
U00043,Priya Ahmed,priya.ahmed43@enterprise-corp.com,Sales Executive,Sales,Active,2024-03-03
U00044,Lucas Silva,lucas.silva44@enterprise-corp.com,Marketing Manager,Marketing,Active,2024-03-16
U00045,Aarav Tanaka,aarav.tanaka45@enterprise-corp.com,Data Scientist,Research and Development,Active,2024-07-30
U00046,Liam Wilson,liam.wilson46@enterprise-corp.com,Software Engineer,Research and Development,Active,2023-06-13
U00047,Liam Reyes,liam.reyes47@enterprise-corp.com,Procurement Officer,Procurement,Active,2023-10-04
U00048,Noah Novak,noah.novak48@enterprise-corp.com,Customer Support Agent,Customer Support,Active,2024-03-04
U00049,Ryan Lindqvist,ryan.lindqvist49@enterprise-corp.com,Finance Analyst,Finance,Active,2023-03-09
U00050,Nadia Silva,nadia.silva50@enterprise-corp.com,HR Manager,Human Resources,Active,2024-02-13
U00051,Sofia Costa,sofia.costa51@enterprise-corp.com,Cloud Administrator,Information Technology,Active,2024-09-24
U00052,Noah Muller,noah.muller52@enterprise-corp.com,Database Administrator,Information Technology,Active,2024-02-12
U00053,Omar Wilson,omar.wilson53@enterprise-corp.com,Security Analyst,Security Operations,Active,2023-06-19
U00054,Sofia Wilson,sofia.wilson54@enterprise-corp.com,Compliance Officer,Legal and Compliance,Active,2024-06-09
U00055,Mateo Silva,mateo.silva55@enterprise-corp.com,Sales Executive,Sales,Active,2023-08-03
U00056,Kai Okafor,kai.okafor56@enterprise-corp.com,Marketing Manager,Marketing,Active,2023-04-16
U00057,Mateo Rossi,mateo.rossi57@enterprise-corp.com,Data Scientist,Research and Development,Active,2024-02-08
U00058,Elena Sharma,elena.sharma58@enterprise-corp.com,Software Engineer,Research and Development,Active,2023-10-13
U00059,Hana Sharma,hana.sharma59@enterprise-corp.com,Procurement Officer,Procurement,Active,2024-10-29
U00060,Liam Sharma,liam.sharma60@enterprise-corp.com,Customer Support Agent,Customer Support,Active,2023-04-14
U00061,Omar Fernandes,omar.fernandes61@enterprise-corp.com,Finance Analyst,Finance,Active,2024-10-10
U00062,Nadia Muller,nadia.muller62@enterprise-corp.com,HR Manager,Human Resources,Active,2024-07-22
U00063,Mei Muller,mei.muller63@enterprise-corp.com,Cloud Administrator,Information Technology,Active,2024-10-26
U00064,Hana Haddad,hana.haddad64@enterprise-corp.com,Database Administrator,Information Technology,Active,2023-05-11
U00065,Daniel Sharma,daniel.sharma65@enterprise-corp.com,Security Analyst,Security Operations,Active,2024-06-10
U00066,Mei Muller,mei.muller66@enterprise-corp.com,Compliance Officer,Legal and Compliance,Active,2023-08-23
U00067,Omar Reyes,omar.reyes67@enterprise-corp.com,Sales Executive,Sales,Active,2023-06-18
U00068,Sofia Kaur,sofia.kaur68@enterprise-corp.com,Marketing Manager,Marketing,Active,2023-04-05
U00069,Lucas Novak,lucas.novak69@enterprise-corp.com,Data Scientist,Research and Development,Active,2023-09-19
U00070,Mei Muller,mei.muller70@enterprise-corp.com,Software Engineer,Research and Development,Active,2024-06-20
U00071,Mei Tanaka,mei.tanaka71@enterprise-corp.com,Procurement Officer,Procurement,Active,2024-06-06
U00072,Priya Wilson,priya.wilson72@enterprise-corp.com,Customer Support Agent,Customer Support,Active,2023-04-05
U00073,Aarav Muller,aarav.muller73@enterprise-corp.com,Finance Analyst,Finance,Active,2023-01-31
U00074,Noah Wilson,noah.wilson74@enterprise-corp.com,HR Manager,Human Resources,Active,2024-01-09
U00075,Nadia Rossi,nadia.rossi75@enterprise-corp.com,Cloud Administrator,Information Technology,Active,2024-10-06
U00076,Omar Lindqvist,omar.lindqvist76@enterprise-corp.com,Database Administrator,Information Technology,Active,2024-05-17
U00077,Hana Reyes,hana.reyes77@enterprise-corp.com,Security Analyst,Security Operations,Active,2023-08-07
U00078,Ryan Silva,ryan.silva78@enterprise-corp.com,Compliance Officer,Legal and Compliance,Active,2024-03-18
U00079,Aisha Kaur,aisha.kaur79@enterprise-corp.com,Sales Executive,Sales,Active,2024-11-19
U00080,Omar Haddad,omar.haddad80@enterprise-corp.com,Marketing Manager,Marketing,Active,2024-02-11
U00081,Ines Haddad,ines.haddad81@enterprise-corp.com,Data Scientist,Research and Development,Active,2024-10-17
U00082,Leila Haddad,leila.haddad82@enterprise-corp.com,Software Engineer,Research and Development,Active,2024-04-05
U00083,Nadia Novak,nadia.novak83@enterprise-corp.com,Procurement Officer,Procurement,Active,2024-08-28
U00084,Omar Nakamura,omar.nakamura84@enterprise-corp.com,Customer Support Agent,Customer Support,Active,2023-07-19
U00085,Ryan Novak,ryan.novak85@enterprise-corp.com,Finance Analyst,Finance,Active,2023-09-18
U00086,Hana Haddad,hana.haddad86@enterprise-corp.com,HR Manager,Human Resources,Active,2024-10-11
U00087,Omar Haddad,omar.haddad87@enterprise-corp.com,Cloud Administrator,Information Technology,Active,2024-11-02
U00088,Nadia Nakamura,nadia.nakamura88@enterprise-corp.com,Database Administrator,Information Technology,Active,2023-06-01
U00089,Ryan Kaur,ryan.kaur89@enterprise-corp.com,Security Analyst,Security Operations,Active,2024-07-04
U00090,Omar Silva,omar.silva90@enterprise-corp.com,Compliance Officer,Legal and Compliance,Active,2023-08-26
U00091,Kai Fernandes,kai.fernandes91@enterprise-corp.com,Sales Executive,Sales,Active,2023-04-19
U00092,Omar Okafor,omar.okafor92@enterprise-corp.com,Marketing Manager,Marketing,Active,2024-05-01
U00093,Hana Reyes,hana.reyes93@enterprise-corp.com,Data Scientist,Research and Development,Active,2024-05-30
U00094,Daniel Muller,daniel.muller94@enterprise-corp.com,Software Engineer,Research and Development,Active,2023-11-25
U00095,Mateo Silva,mateo.silva95@enterprise-corp.com,Procurement Officer,Procurement,Active,2024-09-13
U00096,Aisha Kaur,aisha.kaur96@enterprise-corp.com,Customer Support Agent,Customer Support,Active,2023-10-30
U00097,Aisha Rossi,aisha.rossi97@enterprise-corp.com,Finance Analyst,Finance,Active,2024-02-27
U00098,Kai Nakamura,kai.nakamura98@enterprise-corp.com,HR Manager,Human Resources,Active,2024-01-11
U00099,Ryan Rossi,ryan.rossi99@enterprise-corp.com,Cloud Administrator,Information Technology,Active,2023-02-28
U00100,Nadia Muller,nadia.muller100@enterprise-corp.com,Database Administrator,Information Technology,Active,2023-06-13
U00101,Zara Wilson,zara.wilson101@enterprise-corp.com,Security Analyst,Security Operations,Active,2023-08-30
U00102,Elena Wilson,elena.wilson102@enterprise-corp.com,Compliance Officer,Legal and Compliance,Active,2023-07-26
U00103,Aisha Tanaka,aisha.tanaka103@enterprise-corp.com,Sales Executive,Sales,Active,2023-09-07
U00104,Leila Novak,leila.novak104@enterprise-corp.com,Marketing Manager,Marketing,Active,2023-02-03
U00105,Mateo Kaur,mateo.kaur105@enterprise-corp.com,Data Scientist,Research and Development,Active,2023-12-26
U00106,Mateo Haddad,mateo.haddad106@enterprise-corp.com,Software Engineer,Research and Development,Active,2023-04-01
U00107,Omar Haddad,omar.haddad107@enterprise-corp.com,Procurement Officer,Procurement,Active,2023-06-16
U00108,Noah Lindqvist,noah.lindqvist108@enterprise-corp.com,Customer Support Agent,Customer Support,Active,2024-10-29
U00109,Aarav Novak,aarav.novak109@enterprise-corp.com,Finance Analyst,Finance,Active,2023-04-06
U00110,Aarav Reyes,aarav.reyes110@enterprise-corp.com,HR Manager,Human Resources,Active,2024-08-15
U00111,Aarav Nakamura,aarav.nakamura111@enterprise-corp.com,Cloud Administrator,Information Technology,Active,2024-01-20
U00112,Mei Haddad,mei.haddad112@enterprise-corp.com,Database Administrator,Information Technology,Active,2023-04-08
U00113,Zara Okafor,zara.okafor113@enterprise-corp.com,Security Analyst,Security Operations,Active,2024-03-18
U00114,Hana Muller,hana.muller114@enterprise-corp.com,Compliance Officer,Legal and Compliance,Active,2024-08-10
U00115,Sofia Muller,sofia.muller115@enterprise-corp.com,Sales Executive,Sales,Active,2023-12-07
U00116,Lucas Kaur,lucas.kaur116@enterprise-corp.com,Marketing Manager,Marketing,Active,2023-06-26
U00117,Ethan Silva,ethan.silva117@enterprise-corp.com,Data Scientist,Research and Development,Active,2023-03-14
U00118,Mei Okafor,mei.okafor118@enterprise-corp.com,Software Engineer,Research and Development,Active,2023-08-12
U00119,Aarav Haddad,aarav.haddad119@enterprise-corp.com,Procurement Officer,Procurement,Active,2024-03-20
U00120,Zara Muller,zara.muller120@enterprise-corp.com,Customer Support Agent,Customer Support,Active,2023-04-06
U00121,Sofia Okafor,sofia.okafor121@enterprise-corp.com,Finance Analyst,Finance,Active,2024-07-29
U00122,Priya Tanaka,priya.tanaka122@enterprise-corp.com,HR Manager,Human Resources,Active,2024-07-30
U00123,Hana Kaur,hana.kaur123@enterprise-corp.com,Cloud Administrator,Information Technology,Active,2024-02-12
U00124,Aarav Tanaka,aarav.tanaka124@enterprise-corp.com,Database Administrator,Information Technology,Active,2024-10-20
U00125,Ethan Ahmed,ethan.ahmed125@enterprise-corp.com,Security Analyst,Security Operations,Active,2023-04-12
U00126,Aarav Wilson,aarav.wilson126@enterprise-corp.com,Compliance Officer,Legal and Compliance,Active,2023-10-14
U00127,Priya Muller,priya.muller127@enterprise-corp.com,Sales Executive,Sales,Active,2023-12-07
U00128,Mateo Ahmed,mateo.ahmed128@enterprise-corp.com,Marketing Manager,Marketing,Active,2024-07-08
U00129,Zara Rossi,zara.rossi129@enterprise-corp.com,Data Scientist,Research and Development,Active,2023-06-04
U00130,Elena Okafor,elena.okafor130@enterprise-corp.com,Software Engineer,Research and Development,Active,2023-05-24
U00131,Aarav Fernandes,aarav.fernandes131@enterprise-corp.com,Procurement Officer,Procurement,Active,2023-01-15
U00132,Noah Costa,noah.costa132@enterprise-corp.com,Customer Support Agent,Customer Support,Active,2023-03-25
U00133,Hana Fernandes,hana.fernandes133@enterprise-corp.com,Finance Analyst,Finance,Active,2023-10-19
U00134,Ethan Nakamura,ethan.nakamura134@enterprise-corp.com,HR Manager,Human Resources,Active,2024-09-19
U00135,Liam Novak,liam.novak135@enterprise-corp.com,Cloud Administrator,Information Technology,Active,2024-08-26
U00136,Ines Muller,ines.muller136@enterprise-corp.com,Database Administrator,Information Technology,Active,2024-08-05
U00137,Liam Muller,liam.muller137@enterprise-corp.com,Security Analyst,Security Operations,Active,2024-10-10
U00138,Aarav Ahmed,aarav.ahmed138@enterprise-corp.com,Compliance Officer,Legal and Compliance,Active,2024-07-27
U00139,Ines Novak,ines.novak139@enterprise-corp.com,Sales Executive,Sales,Active,2023-10-19
U00140,Liam Kaur,liam.kaur140@enterprise-corp.com,Marketing Manager,Marketing,Active,2023-05-07
U00141,Ethan Haddad,ethan.haddad141@enterprise-corp.com,Data Scientist,Research and Development,Active,2024-11-02
U00142,Hana Okafor,hana.okafor142@enterprise-corp.com,Software Engineer,Research and Development,Active,2024-03-26
U00143,Lucas Ahmed,lucas.ahmed143@enterprise-corp.com,Procurement Officer,Procurement,Active,2024-04-13
U00144,Zara Sharma,zara.sharma144@enterprise-corp.com,Customer Support Agent,Customer Support,Active,2023-12-12
U00145,Ethan Lindqvist,ethan.lindqvist145@enterprise-corp.com,Finance Analyst,Finance,Active,2024-10-12
U00146,Hana Muller,hana.muller146@enterprise-corp.com,HR Manager,Human Resources,Active,2024-08-03
U00147,Omar Lindqvist,omar.lindqvist147@enterprise-corp.com,Cloud Administrator,Information Technology,Active,2023-05-04
U00148,Priya Reyes,priya.reyes148@enterprise-corp.com,Database Administrator,Information Technology,Active,2024-04-30
U00149,Sofia Kaur,sofia.kaur149@enterprise-corp.com,Security Analyst,Security Operations,Active,2023-12-12
U00150,Omar Silva,omar.silva150@enterprise-corp.com,Compliance Officer,Legal and Compliance,Active,2024-05-03
U00151,Ines Okafor,ines.okafor151@enterprise-corp.com,Sales Executive,Sales,Active,2024-10-04
U00152,Omar Fernandes,omar.fernandes152@enterprise-corp.com,Marketing Manager,Marketing,Active,2023-03-02
U00153,Lucas Nakamura,lucas.nakamura153@enterprise-corp.com,Data Scientist,Research and Development,Active,2023-03-17
U00154,Mateo Sharma,mateo.sharma154@enterprise-corp.com,Software Engineer,Research and Development,Active,2024-06-23
U00155,Mateo Tanaka,mateo.tanaka155@enterprise-corp.com,Procurement Officer,Procurement,Active,2023-05-26
U00156,Lucas Ahmed,lucas.ahmed156@enterprise-corp.com,Customer Support Agent,Customer Support,Active,2023-06-15
U00157,Elena Costa,elena.costa157@enterprise-corp.com,Finance Analyst,Finance,Active,2024-07-16
U00158,Leila Lindqvist,leila.lindqvist158@enterprise-corp.com,HR Manager,Human Resources,Active,2023-10-25
U00159,Omar Tanaka,omar.tanaka159@enterprise-corp.com,Cloud Administrator,Information Technology,Active,2023-01-10
U00160,Ryan Wilson,ryan.wilson160@enterprise-corp.com,Database Administrator,Information Technology,Active,2024-11-14
U00161,Ethan Okafor,ethan.okafor161@enterprise-corp.com,Security Analyst,Security Operations,Active,2023-05-17
U00162,Zara Reyes,zara.reyes162@enterprise-corp.com,Compliance Officer,Legal and Compliance,Active,2023-10-25
U00163,Sofia Okafor,sofia.okafor163@enterprise-corp.com,Sales Executive,Sales,Active,2023-07-20
U00164,Ines Reyes,ines.reyes164@enterprise-corp.com,Marketing Manager,Marketing,Active,2024-07-01
U00165,Liam Fernandes,liam.fernandes165@enterprise-corp.com,Data Scientist,Research and Development,Active,2023-04-16
U00166,Omar Fernandes,omar.fernandes166@enterprise-corp.com,Software Engineer,Research and Development,Active,2023-01-15
U00167,Omar Haddad,omar.haddad167@enterprise-corp.com,Procurement Officer,Procurement,Active,2024-03-22
U00168,Priya Tanaka,priya.tanaka168@enterprise-corp.com,Customer Support Agent,Customer Support,Active,2023-09-05
U00169,Aarav Kaur,aarav.kaur169@enterprise-corp.com,Finance Analyst,Finance,Active,2024-09-13
U00170,Daniel Reyes,daniel.reyes170@enterprise-corp.com,HR Manager,Human Resources,Active,2023-12-30
U00171,Kai Novak,kai.novak171@enterprise-corp.com,Cloud Administrator,Information Technology,Active,2023-11-10
U00172,Aarav Muller,aarav.muller172@enterprise-corp.com,Database Administrator,Information Technology,Active,2023-05-26
U00173,Aisha Sharma,aisha.sharma173@enterprise-corp.com,Security Analyst,Security Operations,Active,2024-04-24
U00174,Mateo Fernandes,mateo.fernandes174@enterprise-corp.com,Compliance Officer,Legal and Compliance,Active,2023-11-08
U00175,Ines Nakamura,ines.nakamura175@enterprise-corp.com,Sales Executive,Sales,Active,2024-02-11
U00176,Elena Tanaka,elena.tanaka176@enterprise-corp.com,Marketing Manager,Marketing,Active,2023-02-18
U00177,Kai Reyes,kai.reyes177@enterprise-corp.com,Data Scientist,Research and Development,Active,2024-06-01
U00178,Hana Wilson,hana.wilson178@enterprise-corp.com,Software Engineer,Research and Development,Active,2024-04-20
U00179,Liam Lindqvist,liam.lindqvist179@enterprise-corp.com,Procurement Officer,Procurement,Active,2023-11-11
U00180,Zara Haddad,zara.haddad180@enterprise-corp.com,Customer Support Agent,Customer Support,Active,2024-03-17
U00181,Daniel Haddad,daniel.haddad181@enterprise-corp.com,Finance Analyst,Finance,Active,2023-04-29
U00182,Mei Muller,mei.muller182@enterprise-corp.com,HR Manager,Human Resources,Active,2023-04-08
U00183,Ines Okafor,ines.okafor183@enterprise-corp.com,Cloud Administrator,Information Technology,Active,2024-01-14
U00184,Zara Okafor,zara.okafor184@enterprise-corp.com,Database Administrator,Information Technology,Active,2024-08-16
U00185,Nadia Wilson,nadia.wilson185@enterprise-corp.com,Security Analyst,Security Operations,Active,2023-03-02
U00186,Leila Rossi,leila.rossi186@enterprise-corp.com,Compliance Officer,Legal and Compliance,Active,2024-01-05
U00187,Mateo Wilson,mateo.wilson187@enterprise-corp.com,Sales Executive,Sales,Active,2023-02-25
U00188,Nadia Costa,nadia.costa188@enterprise-corp.com,Marketing Manager,Marketing,Active,2023-05-21
U00189,Priya Ahmed,priya.ahmed189@enterprise-corp.com,Data Scientist,Research and Development,Active,2023-11-13
U00190,Liam Haddad,liam.haddad190@enterprise-corp.com,Software Engineer,Research and Development,Active,2023-04-24
U00191,Kai Lindqvist,kai.lindqvist191@enterprise-corp.com,Procurement Officer,Procurement,Active,2023-05-28
U00192,Aisha Haddad,aisha.haddad192@enterprise-corp.com,Customer Support Agent,Customer Support,Active,2023-06-29
U00193,Mei Wilson,mei.wilson193@enterprise-corp.com,Finance Analyst,Finance,Active,2024-03-13
U00194,Priya Fernandes,priya.fernandes194@enterprise-corp.com,HR Manager,Human Resources,Active,2024-09-30
U00195,Sofia Nakamura,sofia.nakamura195@enterprise-corp.com,Cloud Administrator,Information Technology,Active,2023-06-28
U00196,Noah Reyes,noah.reyes196@enterprise-corp.com,Database Administrator,Information Technology,Active,2023-06-13
U00197,Leila Tanaka,leila.tanaka197@enterprise-corp.com,Security Analyst,Security Operations,Active,2024-07-22
U00198,Mateo Silva,mateo.silva198@enterprise-corp.com,Compliance Officer,Legal and Compliance,Active,2023-08-12
U00199,Omar Sharma,omar.sharma199@enterprise-corp.com,Sales Executive,Sales,Active,2023-09-08
U00200,Zara Okafor,zara.okafor200@enterprise-corp.com,Marketing Manager,Marketing,Active,2024-11-29
U00201,Aarav Okafor,aarav.okafor201@enterprise-corp.com,Data Scientist,Research and Development,Active,2023-11-04
U00202,Elena Lindqvist,elena.lindqvist202@enterprise-corp.com,Software Engineer,Research and Development,Active,2024-07-29
U00203,Aisha Tanaka,aisha.tanaka203@enterprise-corp.com,Procurement Officer,Procurement,Active,2024-07-11
U00204,Priya Novak,priya.novak204@enterprise-corp.com,Customer Support Agent,Customer Support,Active,2023-11-05
U00205,Nadia Rossi,nadia.rossi205@enterprise-corp.com,Finance Analyst,Finance,Active,2023-03-28
U00206,Ryan Sharma,ryan.sharma206@enterprise-corp.com,HR Manager,Human Resources,Active,2023-05-31
U00207,Aarav Tanaka,aarav.tanaka207@enterprise-corp.com,Cloud Administrator,Information Technology,Active,2024-03-05
U00208,Ryan Costa,ryan.costa208@enterprise-corp.com,Database Administrator,Information Technology,Active,2024-02-13
U00209,Noah Haddad,noah.haddad209@enterprise-corp.com,Security Analyst,Security Operations,Active,2023-02-14
U00210,Noah Okafor,noah.okafor210@enterprise-corp.com,Compliance Officer,Legal and Compliance,Active,2024-03-18
U00211,Aarav Kaur,aarav.kaur211@enterprise-corp.com,Sales Executive,Sales,Active,2023-07-31
U00212,Elena Sharma,elena.sharma212@enterprise-corp.com,Marketing Manager,Marketing,Active,2024-03-09
U00213,Leila Fernandes,leila.fernandes213@enterprise-corp.com,Data Scientist,Research and Development,Active,2024-06-06
U00214,Daniel Silva,daniel.silva214@enterprise-corp.com,Software Engineer,Research and Development,Active,2023-04-02
U00215,Mateo Reyes,mateo.reyes215@enterprise-corp.com,Procurement Officer,Procurement,Active,2023-12-22
U00216,Hana Novak,hana.novak216@enterprise-corp.com,Customer Support Agent,Customer Support,Active,2024-06-18
U00217,Leila Novak,leila.novak217@enterprise-corp.com,Finance Analyst,Finance,Active,2024-03-08
U00218,Lucas Reyes,lucas.reyes218@enterprise-corp.com,HR Manager,Human Resources,Active,2023-04-17
U00219,Hana Novak,hana.novak219@enterprise-corp.com,Cloud Administrator,Information Technology,Active,2023-08-27
U00220,Zara Tanaka,zara.tanaka220@enterprise-corp.com,Database Administrator,Information Technology,Active,2023-01-30
U00221,Nadia Fernandes,nadia.fernandes221@enterprise-corp.com,Security Analyst,Security Operations,Active,2023-06-13
U00222,Aarav Muller,aarav.muller222@enterprise-corp.com,Compliance Officer,Legal and Compliance,Active,2024-10-30
U00223,Ines Rossi,ines.rossi223@enterprise-corp.com,Sales Executive,Sales,Active,2023-11-25
U00224,Sofia Wilson,sofia.wilson224@enterprise-corp.com,Marketing Manager,Marketing,Active,2023-10-29
U00225,Elena Novak,elena.novak225@enterprise-corp.com,Data Scientist,Research and Development,Active,2023-05-15
U00226,Ryan Sharma,ryan.sharma226@enterprise-corp.com,Software Engineer,Research and Development,Active,2024-09-13
U00227,Ryan Reyes,ryan.reyes227@enterprise-corp.com,Procurement Officer,Procurement,Active,2023-05-21
U00228,Ryan Muller,ryan.muller228@enterprise-corp.com,Customer Support Agent,Customer Support,Active,2023-12-28
U00229,Aisha Novak,aisha.novak229@enterprise-corp.com,Finance Analyst,Finance,Active,2023-09-04
U00230,Omar Rossi,omar.rossi230@enterprise-corp.com,HR Manager,Human Resources,Active,2023-03-27
U00231,Mateo Muller,mateo.muller231@enterprise-corp.com,Cloud Administrator,Information Technology,Active,2024-03-25
U00232,Noah Costa,noah.costa232@enterprise-corp.com,Database Administrator,Information Technology,Active,2024-03-18
U00233,Omar Novak,omar.novak233@enterprise-corp.com,Security Analyst,Security Operations,Active,2024-10-23
U00234,Mei Muller,mei.muller234@enterprise-corp.com,Compliance Officer,Legal and Compliance,Active,2023-05-16
U00235,Omar Haddad,omar.haddad235@enterprise-corp.com,Sales Executive,Sales,Active,2024-08-04
U00236,Ines Kaur,ines.kaur236@enterprise-corp.com,Marketing Manager,Marketing,Active,2023-10-31
U00237,Hana Novak,hana.novak237@enterprise-corp.com,Data Scientist,Research and Development,Active,2023-02-24
U00238,Lucas Haddad,lucas.haddad238@enterprise-corp.com,Software Engineer,Research and Development,Active,2024-06-02
U00239,Daniel Haddad,daniel.haddad239@enterprise-corp.com,Procurement Officer,Procurement,Active,2023-05-22
U00240,Zara Wilson,zara.wilson240@enterprise-corp.com,Customer Support Agent,Customer Support,Active,2023-07-28
U00241,Nadia Lindqvist,nadia.lindqvist241@enterprise-corp.com,Finance Analyst,Finance,Active,2024-10-16
U00242,Hana Fernandes,hana.fernandes242@enterprise-corp.com,HR Manager,Human Resources,Active,2023-09-28
U00243,Ines Reyes,ines.reyes243@enterprise-corp.com,Cloud Administrator,Information Technology,Active,2023-03-27
U00244,Omar Rossi,omar.rossi244@enterprise-corp.com,Database Administrator,Information Technology,Active,2023-09-14
U00245,Daniel Okafor,daniel.okafor245@enterprise-corp.com,Security Analyst,Security Operations,Active,2023-01-20
U00246,Aisha Muller,aisha.muller246@enterprise-corp.com,Compliance Officer,Legal and Compliance,Active,2024-07-21
U00247,Kai Sharma,kai.sharma247@enterprise-corp.com,Sales Executive,Sales,Active,2023-09-14
U00248,Sofia Novak,sofia.novak248@enterprise-corp.com,Marketing Manager,Marketing,Active,2024-02-28
U00249,Priya Tanaka,priya.tanaka249@enterprise-corp.com,Data Scientist,Research and Development,Active,2023-09-15
U00250,Ryan Haddad,ryan.haddad250@enterprise-corp.com,Software Engineer,Research and Development,Active,2023-10-12
U00251,Omar Costa,omar.costa251@enterprise-corp.com,Procurement Officer,Procurement,Active,2024-09-29
U00252,Liam Rossi,liam.rossi252@enterprise-corp.com,Customer Support Agent,Customer Support,Active,2023-02-12
U00253,Lucas Nakamura,lucas.nakamura253@enterprise-corp.com,Finance Analyst,Finance,Active,2023-10-17
U00254,Priya Lindqvist,priya.lindqvist254@enterprise-corp.com,HR Manager,Human Resources,Active,2023-06-26
U00255,Mei Reyes,mei.reyes255@enterprise-corp.com,Cloud Administrator,Information Technology,Active,2024-01-08
U00256,Liam Wilson,liam.wilson256@enterprise-corp.com,Database Administrator,Information Technology,Active,2023-02-27
U00257,Aisha Okafor,aisha.okafor257@enterprise-corp.com,Security Analyst,Security Operations,Active,2023-08-09
U00258,Mei Reyes,mei.reyes258@enterprise-corp.com,Compliance Officer,Legal and Compliance,Active,2024-06-23
U00259,Aisha Fernandes,aisha.fernandes259@enterprise-corp.com,Sales Executive,Sales,Active,2024-10-17
U00260,Nadia Haddad,nadia.haddad260@enterprise-corp.com,Marketing Manager,Marketing,Active,2023-11-04
U00261,Aarav Reyes,aarav.reyes261@enterprise-corp.com,Data Scientist,Research and Development,Active,2023-09-13
U00262,Priya Reyes,priya.reyes262@enterprise-corp.com,Software Engineer,Research and Development,Active,2023-10-25
U00263,Noah Silva,noah.silva263@enterprise-corp.com,Procurement Officer,Procurement,Active,2024-01-25
U00264,Ines Novak,ines.novak264@enterprise-corp.com,Customer Support Agent,Customer Support,Active,2024-04-10
U00265,Sofia Wilson,sofia.wilson265@enterprise-corp.com,Finance Analyst,Finance,Active,2024-11-13
U00266,Sofia Reyes,sofia.reyes266@enterprise-corp.com,HR Manager,Human Resources,Active,2024-11-22
U00267,Ines Lindqvist,ines.lindqvist267@enterprise-corp.com,Cloud Administrator,Information Technology,Active,2023-04-11
U00268,Ethan Okafor,ethan.okafor268@enterprise-corp.com,Database Administrator,Information Technology,Active,2024-01-04
U00269,Daniel Novak,daniel.novak269@enterprise-corp.com,Security Analyst,Security Operations,Active,2024-11-12
U00270,Mei Haddad,mei.haddad270@enterprise-corp.com,Compliance Officer,Legal and Compliance,Active,2023-03-14
U00271,Zara Muller,zara.muller271@enterprise-corp.com,Sales Executive,Sales,Active,2023-10-07
U00272,Leila Rossi,leila.rossi272@enterprise-corp.com,Marketing Manager,Marketing,Active,2024-05-22
U00273,Noah Nakamura,noah.nakamura273@enterprise-corp.com,Data Scientist,Research and Development,Active,2023-03-17
U00274,Liam Wilson,liam.wilson274@enterprise-corp.com,Software Engineer,Research and Development,Active,2023-12-06
U00275,Hana Lindqvist,hana.lindqvist275@enterprise-corp.com,Procurement Officer,Procurement,Active,2024-04-16
U00276,Zara Silva,zara.silva276@enterprise-corp.com,Customer Support Agent,Customer Support,Active,2024-03-17
U00277,Sofia Lindqvist,sofia.lindqvist277@enterprise-corp.com,Finance Analyst,Finance,Active,2024-09-26
U00278,Ethan Rossi,ethan.rossi278@enterprise-corp.com,HR Manager,Human Resources,Active,2024-10-11
U00279,Aarav Tanaka,aarav.tanaka279@enterprise-corp.com,Cloud Administrator,Information Technology,Active,2023-03-18
U00280,Aarav Okafor,aarav.okafor280@enterprise-corp.com,Database Administrator,Information Technology,Active,2023-02-02
U00281,Liam Rossi,liam.rossi281@enterprise-corp.com,Security Analyst,Security Operations,Active,2024-11-12
U00282,Ethan Reyes,ethan.reyes282@enterprise-corp.com,Compliance Officer,Legal and Compliance,Active,2024-01-05
U00283,Ethan Fernandes,ethan.fernandes283@enterprise-corp.com,Sales Executive,Sales,Active,2024-08-02
U00284,Sofia Wilson,sofia.wilson284@enterprise-corp.com,Marketing Manager,Marketing,Active,2023-04-17
U00285,Omar Sharma,omar.sharma285@enterprise-corp.com,Data Scientist,Research and Development,Active,2023-05-12
U00286,Ines Muller,ines.muller286@enterprise-corp.com,Software Engineer,Research and Development,Active,2024-02-09
U00287,Priya Sharma,priya.sharma287@enterprise-corp.com,Procurement Officer,Procurement,Active,2023-05-09
U00288,Nadia Sharma,nadia.sharma288@enterprise-corp.com,Customer Support Agent,Customer Support,Active,2024-04-03
U00289,Priya Okafor,priya.okafor289@enterprise-corp.com,Finance Analyst,Finance,Active,2024-02-26
U00290,Mateo Wilson,mateo.wilson290@enterprise-corp.com,HR Manager,Human Resources,Active,2023-02-24
U00291,Aisha Wilson,aisha.wilson291@enterprise-corp.com,Cloud Administrator,Information Technology,Active,2024-09-05
U00292,Mateo Fernandes,mateo.fernandes292@enterprise-corp.com,Database Administrator,Information Technology,Active,2024-01-18
U00293,Elena Wilson,elena.wilson293@enterprise-corp.com,Security Analyst,Security Operations,Active,2024-01-21
U00294,Ryan Costa,ryan.costa294@enterprise-corp.com,Compliance Officer,Legal and Compliance,Active,2024-10-24
U00295,Kai Rossi,kai.rossi295@enterprise-corp.com,Sales Executive,Sales,Active,2023-07-13
U00296,Mateo Fernandes,mateo.fernandes296@enterprise-corp.com,Marketing Manager,Marketing,Active,2023-05-10
U00297,Ethan Rossi,ethan.rossi297@enterprise-corp.com,Data Scientist,Research and Development,Active,2023-03-13
U00298,Noah Tanaka,noah.tanaka298@enterprise-corp.com,Software Engineer,Research and Development,Active,2023-03-25
U00299,Nadia Sharma,nadia.sharma299@enterprise-corp.com,Procurement Officer,Procurement,Active,2024-04-09
U00300,Sofia Nakamura,sofia.nakamura300@enterprise-corp.com,Customer Support Agent,Customer Support,Active,2024-11-09
U00301,Lucas Rossi,lucas.rossi301@enterprise-corp.com,Finance Analyst,Finance,Active,2023-07-28
U00302,Lucas Novak,lucas.novak302@enterprise-corp.com,HR Manager,Human Resources,Active,2024-10-29
U00303,Ines Ahmed,ines.ahmed303@enterprise-corp.com,Cloud Administrator,Information Technology,Active,2024-04-20
U00304,Aisha Reyes,aisha.reyes304@enterprise-corp.com,Database Administrator,Information Technology,Active,2023-10-17
U00305,Liam Wilson,liam.wilson305@enterprise-corp.com,Security Analyst,Security Operations,Active,2023-07-26
U00306,Zara Novak,zara.novak306@enterprise-corp.com,Compliance Officer,Legal and Compliance,Active,2023-06-22
U00307,Zara Nakamura,zara.nakamura307@enterprise-corp.com,Sales Executive,Sales,Active,2024-02-29
U00308,Leila Sharma,leila.sharma308@enterprise-corp.com,Marketing Manager,Marketing,Active,2024-03-25
U00309,Daniel Costa,daniel.costa309@enterprise-corp.com,Data Scientist,Research and Development,Active,2023-04-25
U00310,Elena Rossi,elena.rossi310@enterprise-corp.com,Software Engineer,Research and Development,Active,2024-03-20
U00311,Mateo Tanaka,mateo.tanaka311@enterprise-corp.com,Procurement Officer,Procurement,Active,2024-09-21
U00312,Mateo Wilson,mateo.wilson312@enterprise-corp.com,Customer Support Agent,Customer Support,Active,2024-08-15
U00313,Noah Lindqvist,noah.lindqvist313@enterprise-corp.com,Finance Analyst,Finance,Active,2023-07-10
U00314,Mateo Nakamura,mateo.nakamura314@enterprise-corp.com,HR Manager,Human Resources,Active,2024-07-24
U00315,Leila Wilson,leila.wilson315@enterprise-corp.com,Cloud Administrator,Information Technology,Active,2024-11-11
U00316,Zara Novak,zara.novak316@enterprise-corp.com,Database Administrator,Information Technology,Active,2024-02-13
U00317,Liam Rossi,liam.rossi317@enterprise-corp.com,Security Analyst,Security Operations,Active,2023-08-15
U00318,Aarav Reyes,aarav.reyes318@enterprise-corp.com,Compliance Officer,Legal and Compliance,Active,2024-11-11
U00319,Hana Okafor,hana.okafor319@enterprise-corp.com,Sales Executive,Sales,Active,2024-01-07
U00320,Priya Wilson,priya.wilson320@enterprise-corp.com,Marketing Manager,Marketing,Active,2023-11-05
U00321,Ethan Silva,ethan.silva321@enterprise-corp.com,Data Scientist,Research and Development,Active,2023-01-29
U00322,Lucas Haddad,lucas.haddad322@enterprise-corp.com,Software Engineer,Research and Development,Active,2023-01-20
U00323,Ryan Wilson,ryan.wilson323@enterprise-corp.com,Procurement Officer,Procurement,Active,2024-06-18
U00324,Noah Tanaka,noah.tanaka324@enterprise-corp.com,Customer Support Agent,Customer Support,Active,2023-05-18
U00325,Ethan Kaur,ethan.kaur325@enterprise-corp.com,Finance Analyst,Finance,Active,2023-10-03
U00326,Kai Ahmed,kai.ahmed326@enterprise-corp.com,HR Manager,Human Resources,Active,2023-11-01
U00327,Leila Wilson,leila.wilson327@enterprise-corp.com,Cloud Administrator,Information Technology,Active,2023-06-09
U00328,Sofia Reyes,sofia.reyes328@enterprise-corp.com,Database Administrator,Information Technology,Active,2024-09-09
U00329,Aarav Nakamura,aarav.nakamura329@enterprise-corp.com,Security Analyst,Security Operations,Active,2024-10-29
U00330,Elena Costa,elena.costa330@enterprise-corp.com,Compliance Officer,Legal and Compliance,Active,2024-11-26
U00331,Ethan Ahmed,ethan.ahmed331@enterprise-corp.com,Sales Executive,Sales,Active,2024-08-29
U00332,Elena Fernandes,elena.fernandes332@enterprise-corp.com,Marketing Manager,Marketing,Active,2024-05-30
U00333,Mei Okafor,mei.okafor333@enterprise-corp.com,Data Scientist,Research and Development,Active,2024-04-08
U00334,Aisha Rossi,aisha.rossi334@enterprise-corp.com,Software Engineer,Research and Development,Active,2024-11-02
U00335,Sofia Tanaka,sofia.tanaka335@enterprise-corp.com,Procurement Officer,Procurement,Active,2023-05-30
U00336,Nadia Ahmed,nadia.ahmed336@enterprise-corp.com,Customer Support Agent,Customer Support,Active,2023-12-02
U00337,Hana Kaur,hana.kaur337@enterprise-corp.com,Finance Analyst,Finance,Active,2024-03-28
U00338,Mei Rossi,mei.rossi338@enterprise-corp.com,HR Manager,Human Resources,Active,2024-02-22
U00339,Mei Rossi,mei.rossi339@enterprise-corp.com,Cloud Administrator,Information Technology,Active,2024-01-11
U00340,Liam Silva,liam.silva340@enterprise-corp.com,Database Administrator,Information Technology,Active,2023-05-25
U00341,Ryan Silva,ryan.silva341@enterprise-corp.com,Security Analyst,Security Operations,Active,2024-01-17
U00342,Aarav Reyes,aarav.reyes342@enterprise-corp.com,Compliance Officer,Legal and Compliance,Active,2024-01-23
U00343,Mei Tanaka,mei.tanaka343@enterprise-corp.com,Sales Executive,Sales,Active,2023-11-09
U00344,Hana Tanaka,hana.tanaka344@enterprise-corp.com,Marketing Manager,Marketing,Active,2024-02-11
U00345,Noah Okafor,noah.okafor345@enterprise-corp.com,Data Scientist,Research and Development,Active,2024-06-08
U00346,Aisha Muller,aisha.muller346@enterprise-corp.com,Software Engineer,Research and Development,Active,2023-10-10
U00347,Mei Kaur,mei.kaur347@enterprise-corp.com,Procurement Officer,Procurement,Active,2024-01-02
U00348,Omar Haddad,omar.haddad348@enterprise-corp.com,Customer Support Agent,Customer Support,Active,2023-11-22
U00349,Hana Silva,hana.silva349@enterprise-corp.com,Finance Analyst,Finance,Active,2023-02-20
U00350,Nadia Muller,nadia.muller350@enterprise-corp.com,HR Manager,Human Resources,Active,2023-03-20
U00351,Zara Haddad,zara.haddad351@enterprise-corp.com,Cloud Administrator,Information Technology,Active,2024-06-20
U00352,Aarav Sharma,aarav.sharma352@enterprise-corp.com,Database Administrator,Information Technology,Active,2024-06-20
U00353,Kai Sharma,kai.sharma353@enterprise-corp.com,Security Analyst,Security Operations,Active,2023-06-19
U00354,Leila Costa,leila.costa354@enterprise-corp.com,Compliance Officer,Legal and Compliance,Active,2024-08-15
U00355,Noah Nakamura,noah.nakamura355@enterprise-corp.com,Sales Executive,Sales,Active,2023-07-14
U00356,Aarav Novak,aarav.novak356@enterprise-corp.com,Marketing Manager,Marketing,Active,2023-12-15
U00357,Ethan Fernandes,ethan.fernandes357@enterprise-corp.com,Data Scientist,Research and Development,Active,2023-08-06
U00358,Sofia Fernandes,sofia.fernandes358@enterprise-corp.com,Software Engineer,Research and Development,Active,2024-03-26
U00359,Ryan Okafor,ryan.okafor359@enterprise-corp.com,Procurement Officer,Procurement,Active,2024-11-16
U00360,Daniel Reyes,daniel.reyes360@enterprise-corp.com,Customer Support Agent,Customer Support,Active,2023-10-14
U00361,Aarav Costa,aarav.costa361@enterprise-corp.com,Finance Analyst,Finance,Active,2024-11-08
U00362,Daniel Tanaka,daniel.tanaka362@enterprise-corp.com,HR Manager,Human Resources,Active,2023-04-04
U00363,Leila Wilson,leila.wilson363@enterprise-corp.com,Cloud Administrator,Information Technology,Active,2023-08-30
U00364,Mei Sharma,mei.sharma364@enterprise-corp.com,Database Administrator,Information Technology,Active,2024-03-28
U00365,Noah Rossi,noah.rossi365@enterprise-corp.com,Security Analyst,Security Operations,Active,2024-11-21
U00366,Zara Haddad,zara.haddad366@enterprise-corp.com,Compliance Officer,Legal and Compliance,Active,2023-06-19
U00367,Noah Muller,noah.muller367@enterprise-corp.com,Sales Executive,Sales,Active,2024-11-01
U00368,Ines Novak,ines.novak368@enterprise-corp.com,Marketing Manager,Marketing,Active,2023-01-11
U00369,Ines Muller,ines.muller369@enterprise-corp.com,Data Scientist,Research and Development,Active,2023-12-20
U00370,Kai Okafor,kai.okafor370@enterprise-corp.com,Software Engineer,Research and Development,Active,2024-06-26
U00371,Mateo Sharma,mateo.sharma371@enterprise-corp.com,Procurement Officer,Procurement,Active,2024-10-06
U00372,Sofia Tanaka,sofia.tanaka372@enterprise-corp.com,Customer Support Agent,Customer Support,Active,2024-09-22
U00373,Leila Lindqvist,leila.lindqvist373@enterprise-corp.com,Finance Analyst,Finance,Active,2023-10-07
U00374,Aisha Kaur,aisha.kaur374@enterprise-corp.com,HR Manager,Human Resources,Active,2023-07-21
U00375,Ines Reyes,ines.reyes375@enterprise-corp.com,Cloud Administrator,Information Technology,Active,2023-12-04
U00376,Daniel Haddad,daniel.haddad376@enterprise-corp.com,Database Administrator,Information Technology,Active,2024-01-01
U00377,Nadia Kaur,nadia.kaur377@enterprise-corp.com,Security Analyst,Security Operations,Active,2024-09-13
U00378,Hana Fernandes,hana.fernandes378@enterprise-corp.com,Compliance Officer,Legal and Compliance,Active,2023-09-23
U00379,Liam Rossi,liam.rossi379@enterprise-corp.com,Sales Executive,Sales,Active,2023-05-22
U00380,Ryan Haddad,ryan.haddad380@enterprise-corp.com,Marketing Manager,Marketing,Active,2024-10-03
U00381,Ryan Tanaka,ryan.tanaka381@enterprise-corp.com,Data Scientist,Research and Development,Active,2023-03-04
U00382,Noah Okafor,noah.okafor382@enterprise-corp.com,Software Engineer,Research and Development,Active,2024-01-21
U00383,Lucas Tanaka,lucas.tanaka383@enterprise-corp.com,Procurement Officer,Procurement,Active,2024-10-20
U00384,Lucas Lindqvist,lucas.lindqvist384@enterprise-corp.com,Customer Support Agent,Customer Support,Active,2024-10-17
U00385,Kai Novak,kai.novak385@enterprise-corp.com,Finance Analyst,Finance,Active,2023-12-17
U00386,Elena Haddad,elena.haddad386@enterprise-corp.com,HR Manager,Human Resources,Active,2023-01-15
U00387,Nadia Tanaka,nadia.tanaka387@enterprise-corp.com,Cloud Administrator,Information Technology,Active,2023-06-06
U00388,Elena Novak,elena.novak388@enterprise-corp.com,Database Administrator,Information Technology,Active,2024-11-24
U00389,Daniel Kaur,daniel.kaur389@enterprise-corp.com,Security Analyst,Security Operations,Active,2024-03-04
U00390,Mei Reyes,mei.reyes390@enterprise-corp.com,Compliance Officer,Legal and Compliance,Active,2023-07-29
U00391,Liam Silva,liam.silva391@enterprise-corp.com,Sales Executive,Sales,Active,2023-07-02
U00392,Liam Muller,liam.muller392@enterprise-corp.com,Marketing Manager,Marketing,Active,2024-03-02
U00393,Ryan Kaur,ryan.kaur393@enterprise-corp.com,Data Scientist,Research and Development,Active,2024-08-06
U00394,Aisha Wilson,aisha.wilson394@enterprise-corp.com,Software Engineer,Research and Development,Active,2023-12-09
U00395,Zara Kaur,zara.kaur395@enterprise-corp.com,Procurement Officer,Procurement,Active,2023-10-08
U00396,Noah Okafor,noah.okafor396@enterprise-corp.com,Customer Support Agent,Customer Support,Active,2023-06-24
U00397,Ethan Muller,ethan.muller397@enterprise-corp.com,Finance Analyst,Finance,Active,2024-06-03
U00398,Aisha Kaur,aisha.kaur398@enterprise-corp.com,HR Manager,Human Resources,Active,2023-11-22
U00399,Hana Silva,hana.silva399@enterprise-corp.com,Cloud Administrator,Information Technology,Active,2023-09-13
U00400,Aarav Silva,aarav.silva400@enterprise-corp.com,Database Administrator,Information Technology,Active,2023-04-01
U00401,Aarav Reyes,aarav.reyes401@enterprise-corp.com,Security Analyst,Security Operations,Active,2024-04-17
U00402,Daniel Okafor,daniel.okafor402@enterprise-corp.com,Compliance Officer,Legal and Compliance,Active,2023-05-31
U00403,Nadia Sharma,nadia.sharma403@enterprise-corp.com,Sales Executive,Sales,Active,2023-07-17
U00404,Lucas Fernandes,lucas.fernandes404@enterprise-corp.com,Marketing Manager,Marketing,Active,2023-11-13
U00405,Aarav Rossi,aarav.rossi405@enterprise-corp.com,Data Scientist,Research and Development,Active,2024-05-31
U00406,Ines Costa,ines.costa406@enterprise-corp.com,Software Engineer,Research and Development,Active,2023-12-27
U00407,Omar Silva,omar.silva407@enterprise-corp.com,Procurement Officer,Procurement,Active,2023-04-12
U00408,Sofia Novak,sofia.novak408@enterprise-corp.com,Customer Support Agent,Customer Support,Active,2024-04-05
U00409,Mei Sharma,mei.sharma409@enterprise-corp.com,Finance Analyst,Finance,Active,2024-06-10
U00410,Kai Novak,kai.novak410@enterprise-corp.com,HR Manager,Human Resources,Active,2024-11-21
U00411,Mei Muller,mei.muller411@enterprise-corp.com,Cloud Administrator,Information Technology,Active,2024-07-21
U00412,Aisha Nakamura,aisha.nakamura412@enterprise-corp.com,Database Administrator,Information Technology,Active,2023-10-02
U00413,Aarav Reyes,aarav.reyes413@enterprise-corp.com,Security Analyst,Security Operations,Active,2024-06-22
U00414,Nadia Costa,nadia.costa414@enterprise-corp.com,Compliance Officer,Legal and Compliance,Active,2023-02-06
U00415,Zara Reyes,zara.reyes415@enterprise-corp.com,Sales Executive,Sales,Active,2023-08-03
U00416,Elena Kaur,elena.kaur416@enterprise-corp.com,Marketing Manager,Marketing,Active,2024-11-03
U00417,Leila Okafor,leila.okafor417@enterprise-corp.com,Data Scientist,Research and Development,Active,2024-10-11
U00418,Priya Novak,priya.novak418@enterprise-corp.com,Software Engineer,Research and Development,Active,2024-08-30
U00419,Liam Fernandes,liam.fernandes419@enterprise-corp.com,Procurement Officer,Procurement,Active,2023-06-10
U00420,Omar Haddad,omar.haddad420@enterprise-corp.com,Customer Support Agent,Customer Support,Active,2023-05-04
U00421,Kai Tanaka,kai.tanaka421@enterprise-corp.com,Finance Analyst,Finance,Active,2023-02-23
U00422,Zara Rossi,zara.rossi422@enterprise-corp.com,HR Manager,Human Resources,Active,2023-12-08
U00423,Priya Kaur,priya.kaur423@enterprise-corp.com,Cloud Administrator,Information Technology,Active,2023-02-16
U00424,Priya Rossi,priya.rossi424@enterprise-corp.com,Database Administrator,Information Technology,Active,2023-03-06
U00425,Priya Novak,priya.novak425@enterprise-corp.com,Security Analyst,Security Operations,Active,2024-04-09
U00426,Noah Reyes,noah.reyes426@enterprise-corp.com,Compliance Officer,Legal and Compliance,Active,2023-02-08
U00427,Lucas Reyes,lucas.reyes427@enterprise-corp.com,Sales Executive,Sales,Active,2024-05-29
U00428,Elena Novak,elena.novak428@enterprise-corp.com,Marketing Manager,Marketing,Active,2024-07-03
U00429,Zara Kaur,zara.kaur429@enterprise-corp.com,Data Scientist,Research and Development,Active,2024-04-28
U00430,Liam Rossi,liam.rossi430@enterprise-corp.com,Software Engineer,Research and Development,Active,2023-11-11
U00431,Ryan Ahmed,ryan.ahmed431@enterprise-corp.com,Procurement Officer,Procurement,Active,2024-02-22
U00432,Noah Ahmed,noah.ahmed432@enterprise-corp.com,Customer Support Agent,Customer Support,Active,2024-01-22
U00433,Aisha Lindqvist,aisha.lindqvist433@enterprise-corp.com,Finance Analyst,Finance,Active,2023-12-27
U00434,Zara Sharma,zara.sharma434@enterprise-corp.com,HR Manager,Human Resources,Active,2023-12-26
U00435,Elena Wilson,elena.wilson435@enterprise-corp.com,Cloud Administrator,Information Technology,Active,2024-07-16
U00436,Zara Novak,zara.novak436@enterprise-corp.com,Database Administrator,Information Technology,Active,2023-12-15
U00437,Nadia Ahmed,nadia.ahmed437@enterprise-corp.com,Security Analyst,Security Operations,Active,2024-08-06
U00438,Liam Haddad,liam.haddad438@enterprise-corp.com,Compliance Officer,Legal and Compliance,Active,2023-10-09
U00439,Mateo Ahmed,mateo.ahmed439@enterprise-corp.com,Sales Executive,Sales,Active,2023-02-19
U00440,Priya Wilson,priya.wilson440@enterprise-corp.com,Marketing Manager,Marketing,Active,2023-07-19
U00441,Noah Wilson,noah.wilson441@enterprise-corp.com,Data Scientist,Research and Development,Active,2023-04-15
U00442,Kai Haddad,kai.haddad442@enterprise-corp.com,Software Engineer,Research and Development,Active,2024-01-03
U00443,Hana Novak,hana.novak443@enterprise-corp.com,Procurement Officer,Procurement,Active,2024-09-17
U00444,Aarav Costa,aarav.costa444@enterprise-corp.com,Customer Support Agent,Customer Support,Active,2023-10-12
U00445,Leila Kaur,leila.kaur445@enterprise-corp.com,Finance Analyst,Finance,Active,2023-05-30
U00446,Lucas Tanaka,lucas.tanaka446@enterprise-corp.com,HR Manager,Human Resources,Active,2024-08-11
U00447,Ines Wilson,ines.wilson447@enterprise-corp.com,Cloud Administrator,Information Technology,Active,2024-07-02
U00448,Hana Tanaka,hana.tanaka448@enterprise-corp.com,Database Administrator,Information Technology,Active,2024-03-08
U00449,Nadia Ahmed,nadia.ahmed449@enterprise-corp.com,Security Analyst,Security Operations,Active,2023-04-06
U00450,Nadia Nakamura,nadia.nakamura450@enterprise-corp.com,Compliance Officer,Legal and Compliance,Active,2024-11-10
U00451,Noah Ahmed,noah.ahmed451@enterprise-corp.com,Sales Executive,Sales,Active,2024-08-05
U00452,Ines Wilson,ines.wilson452@enterprise-corp.com,Marketing Manager,Marketing,Active,2024-01-28
U00453,Kai Ahmed,kai.ahmed453@enterprise-corp.com,Data Scientist,Research and Development,Active,2023-11-26
U00454,Daniel Reyes,daniel.reyes454@enterprise-corp.com,Software Engineer,Research and Development,Active,2024-09-27
U00455,Hana Haddad,hana.haddad455@enterprise-corp.com,Procurement Officer,Procurement,Active,2023-06-27
U00456,Noah Tanaka,noah.tanaka456@enterprise-corp.com,Customer Support Agent,Customer Support,Active,2023-04-19
U00457,Aarav Ahmed,aarav.ahmed457@enterprise-corp.com,Finance Analyst,Finance,Active,2023-07-28
U00458,Mateo Lindqvist,mateo.lindqvist458@enterprise-corp.com,HR Manager,Human Resources,Active,2023-04-27
U00459,Zara Okafor,zara.okafor459@enterprise-corp.com,Cloud Administrator,Information Technology,Active,2024-03-19
U00460,Aisha Lindqvist,aisha.lindqvist460@enterprise-corp.com,Database Administrator,Information Technology,Active,2023-10-03
U00461,Ethan Sharma,ethan.sharma461@enterprise-corp.com,Security Analyst,Security Operations,Active,2024-04-25
U00462,Kai Lindqvist,kai.lindqvist462@enterprise-corp.com,Compliance Officer,Legal and Compliance,Active,2024-02-04
U00463,Aisha Lindqvist,aisha.lindqvist463@enterprise-corp.com,Sales Executive,Sales,Active,2023-12-30
U00464,Mateo Nakamura,mateo.nakamura464@enterprise-corp.com,Marketing Manager,Marketing,Active,2023-10-27
U00465,Mei Silva,mei.silva465@enterprise-corp.com,Data Scientist,Research and Development,Active,2024-11-25
U00466,Priya Novak,priya.novak466@enterprise-corp.com,Software Engineer,Research and Development,Active,2023-04-14
U00467,Lucas Nakamura,lucas.nakamura467@enterprise-corp.com,Procurement Officer,Procurement,Active,2023-01-27
U00468,Aarav Nakamura,aarav.nakamura468@enterprise-corp.com,Customer Support Agent,Customer Support,Active,2023-01-06
U00469,Omar Reyes,omar.reyes469@enterprise-corp.com,Finance Analyst,Finance,Active,2023-08-14
U00470,Aisha Fernandes,aisha.fernandes470@enterprise-corp.com,HR Manager,Human Resources,Active,2023-06-14
U00471,Zara Silva,zara.silva471@enterprise-corp.com,Cloud Administrator,Information Technology,Active,2023-04-09
U00472,Aarav Muller,aarav.muller472@enterprise-corp.com,Database Administrator,Information Technology,Active,2023-12-14
U00473,Aarav Silva,aarav.silva473@enterprise-corp.com,Security Analyst,Security Operations,Active,2023-12-05
U00474,Leila Fernandes,leila.fernandes474@enterprise-corp.com,Compliance Officer,Legal and Compliance,Active,2023-09-30
U00475,Ethan Wilson,ethan.wilson475@enterprise-corp.com,Sales Executive,Sales,Active,2024-03-20
U00476,Aarav Silva,aarav.silva476@enterprise-corp.com,Marketing Manager,Marketing,Active,2023-04-08
U00477,Noah Ahmed,noah.ahmed477@enterprise-corp.com,Data Scientist,Research and Development,Active,2024-06-21
U00478,Aisha Lindqvist,aisha.lindqvist478@enterprise-corp.com,Software Engineer,Research and Development,Active,2023-02-26
U00479,Sofia Reyes,sofia.reyes479@enterprise-corp.com,Procurement Officer,Procurement,Active,2023-10-25
U00480,Elena Haddad,elena.haddad480@enterprise-corp.com,Customer Support Agent,Customer Support,Active,2024-02-05
U00481,Sofia Haddad,sofia.haddad481@enterprise-corp.com,Finance Analyst,Finance,Active,2023-09-01
U00482,Nadia Novak,nadia.novak482@enterprise-corp.com,HR Manager,Human Resources,Active,2023-06-21
U00483,Ines Kaur,ines.kaur483@enterprise-corp.com,Cloud Administrator,Information Technology,Active,2023-03-01
U00484,Mateo Reyes,mateo.reyes484@enterprise-corp.com,Database Administrator,Information Technology,Active,2023-06-28
U00485,Liam Nakamura,liam.nakamura485@enterprise-corp.com,Security Analyst,Security Operations,Active,2023-05-29
U00486,Kai Sharma,kai.sharma486@enterprise-corp.com,Compliance Officer,Legal and Compliance,Active,2023-01-13
U00487,Lucas Wilson,lucas.wilson487@enterprise-corp.com,Sales Executive,Sales,Active,2023-03-13
U00488,Lucas Fernandes,lucas.fernandes488@enterprise-corp.com,Marketing Manager,Marketing,Active,2024-08-21
U00489,Mateo Muller,mateo.muller489@enterprise-corp.com,Data Scientist,Research and Development,Active,2023-08-12
U00490,Aisha Novak,aisha.novak490@enterprise-corp.com,Software Engineer,Research and Development,Active,2023-10-25
U00491,Aarav Sharma,aarav.sharma491@enterprise-corp.com,Procurement Officer,Procurement,Active,2023-05-08
U00492,Elena Reyes,elena.reyes492@enterprise-corp.com,Customer Support Agent,Customer Support,Active,2024-08-09
U00493,Sofia Lindqvist,sofia.lindqvist493@enterprise-corp.com,Finance Analyst,Finance,Active,2023-03-21
U00494,Ines Fernandes,ines.fernandes494@enterprise-corp.com,HR Manager,Human Resources,Active,2023-07-05
U00495,Omar Silva,omar.silva495@enterprise-corp.com,Cloud Administrator,Information Technology,Active,2024-01-20
U00496,Kai Reyes,kai.reyes496@enterprise-corp.com,Database Administrator,Information Technology,Active,2024-11-02
U00497,Hana Lindqvist,hana.lindqvist497@enterprise-corp.com,Security Analyst,Security Operations,Active,2024-10-11
U00498,Liam Silva,liam.silva498@enterprise-corp.com,Compliance Officer,Legal and Compliance,Active,2024-01-27
U00499,Daniel Reyes,daniel.reyes499@enterprise-corp.com,Sales Executive,Sales,Active,2024-04-09
U00500,Priya Rossi,priya.rossi500@enterprise-corp.com,Marketing Manager,Marketing,Active,2023-11-28
