User_ID,Total_Requests,Successful_Requests,Denied_Requests,Historical_Trust_Score
U00001,104,75,29,0.7212
U00002,104,21,83,0.2019
U00003,90,61,29,0.6778
U00004,108,15,93,0.1389
U00005,82,61,21,0.7439
U00006,101,26,75,0.2574
U00007,94,82,12,0.8723
U00008,111,89,22,0.8018
U00009,114,42,72,0.3684
U00010,113,106,7,0.9381
U00011,106,70,36,0.6604
U00012,93,43,50,0.4624
U00013,104,72,32,0.6923
U00014,75,41,34,0.5467
U00015,92,69,23,0.75
U00016,104,25,79,0.2404
U00017,90,26,64,0.2889
U00018,108,93,15,0.8611
U00019,111,24,87,0.2162
U00020,82,14,68,0.1707
U00021,111,55,56,0.4955
U00022,103,61,42,0.5922
U00023,104,84,20,0.8077
U00024,105,80,25,0.7619
U00025,90,55,35,0.6111
U00026,86,43,43,0.5
U00027,95,75,20,0.7895
U00028,98,76,22,0.7755
U00029,95,25,70,0.2632
U00030,85,19,66,0.2235
U00031,101,89,12,0.8812
U00032,95,24,71,0.2526
U00033,89,61,28,0.6854
U00034,86,79,7,0.9186
U00035,115,40,75,0.3478
U00036,115,101,14,0.8783
U00037,109,93,16,0.8532
U00038,97,44,53,0.4536
U00039,94,51,43,0.5426
U00040,100,31,69,0.31
U00041,105,52,53,0.4952
U00042,119,70,49,0.5882
U00043,102,89,13,0.8725
U00044,91,50,41,0.5495
U00045,118,54,64,0.4576
U00046,112,99,13,0.8839
U00047,82,45,37,0.5488
U00048,103,9,94,0.0874
U00049,91,81,10,0.8901
U00050,92,83,9,0.9022
U00051,115,60,55,0.5217
U00052,100,57,43,0.57
U00053,84,62,22,0.7381
U00054,113,28,85,0.2478
U00055,90,64,26,0.7111
U00056,101,23,78,0.2277
U00057,105,45,60,0.4286
U00058,117,61,56,0.5214
U00059,112,68,44,0.6071
U00060,102,71,31,0.6961
U00061,115,103,12,0.8957
U00062,75,44,31,0.5867
U00063,95,65,30,0.6842
U00064,88,67,21,0.7614
U00065,101,65,36,0.6436
U00066,94,23,71,0.2447
U00067,104,21,83,0.2019
U00068,97,71,26,0.732
U00069,103,52,51,0.5049
U00070,121,76,45,0.6281
U00071,79,16,63,0.2025
U00072,94,71,23,0.7553
U00073,76,54,22,0.7105
U00074,104,15,89,0.1442
U00075,107,58,49,0.5421
U00076,99,77,22,0.7778
U00077,97,27,70,0.2784
U00078,114,38,76,0.3333
U00079,97,87,10,0.8969
U00080,113,22,91,0.1947
U00081,97,77,20,0.7938
U00082,99,42,57,0.4242
U00083,96,80,16,0.8333
U00084,83,16,67,0.1928
U00085,88,58,30,0.6591
U00086,118,47,71,0.3983
U00087,93,48,45,0.5161
U00088,93,84,9,0.9032
U00089,119,86,33,0.7227
U00090,89,82,7,0.9213
U00091,107,87,20,0.8131
U00092,106,39,67,0.3679
U00093,110,52,58,0.4727
U00094,100,70,30,0.7
U00095,116,23,93,0.1983
U00096,112,48,64,0.4286
U00097,110,97,13,0.8818
U00098,101,79,22,0.7822
U00099,98,48,50,0.4898
U00100,105,57,48,0.5429
U00101,92,51,41,0.5543
U00102,106,49,57,0.4623
U00103,98,39,59,0.398
U00104,92,81,11,0.8804
U00105,102,49,53,0.4804
U00106,99,48,51,0.4848
U00107,106,19,87,0.1792
U00108,98,55,43,0.5612
U00109,90,58,32,0.6444
U00110,102,86,16,0.8431
U00111,93,64,29,0.6882
U00112,94,80,14,0.8511
U00113,113,70,43,0.6195
U00114,105,43,62,0.4095
U00115,97,37,60,0.3814
U00116,108,70,38,0.6481
U00117,105,51,54,0.4857
U00118,93,66,27,0.7097
U00119,110,67,43,0.6091
U00120,100,69,31,0.69
U00121,115,62,53,0.5391
U00122,100,51,49,0.51
U00123,94,42,52,0.4468
U00124,83,78,5,0.9398
U00125,101,62,39,0.6139
U00126,108,101,7,0.9352
U00127,98,74,24,0.7551
U00128,112,78,34,0.6964
U00129,119,97,22,0.8151
U00130,93,47,46,0.5054
U00131,108,96,12,0.8889
U00132,105,88,17,0.8381
U00133,70,59,11,0.8429
U00134,110,94,16,0.8545
U00135,100,90,10,0.9
U00136,96,42,54,0.4375
U00137,122,99,23,0.8115
U00138,107,81,26,0.757
U00139,89,56,33,0.6292
U00140,94,71,23,0.7553
U00141,109,44,65,0.4037
U00142,80,60,20,0.75
U00143,107,59,48,0.5514
U00144,79,15,64,0.1899
U00145,104,50,54,0.4808
U00146,92,60,32,0.6522
U00147,100,70,30,0.7
U00148,109,85,24,0.7798
U00149,96,28,68,0.2917
U00150,89,55,34,0.618
U00151,109,90,19,0.8257
U00152,82,19,63,0.2317
U00153,112,82,30,0.7321
U00154,98,20,78,0.2041
U00155,94,38,56,0.4043
U00156,95,27,68,0.2842
U00157,99,63,36,0.6364
U00158,104,74,30,0.7115
U00159,99,89,10,0.899
U00160,111,81,30,0.7297
U00161,105,76,29,0.7238
U00162,104,16,88,0.1538
U00163,99,42,57,0.4242
U00164,102,69,33,0.6765
U00165,98,79,19,0.8061
U00166,102,56,46,0.549
U00167,111,60,51,0.5405
U00168,106,59,47,0.5566
U00169,101,72,29,0.7129
U00170,115,85,30,0.7391
U00171,88,68,20,0.7727
U00172,98,40,58,0.4082
U00173,99,83,16,0.8384
U00174,111,71,40,0.6396
U00175,85,62,23,0.7294
U00176,104,97,7,0.9327
U00177,84,65,19,0.7738
U00178,101,87,14,0.8614
U00179,100,58,42,0.58
U00180,117,25,92,0.2137
U00181,104,23,81,0.2212
U00182,95,68,27,0.7158
U00183,96,66,30,0.6875
U00184,105,71,34,0.6762
U00185,110,22,88,0.2
U00186,112,28,84,0.25
U00187,113,95,18,0.8407
U00188,91,34,57,0.3736
U00189,93,22,71,0.2366
U00190,106,71,35,0.6698
U00191,110,20,90,0.1818
U00192,105,67,38,0.6381
U00193,87,51,36,0.5862
U00194,91,69,22,0.7582
U00195,101,52,49,0.5149
U00196,87,72,15,0.8276
U00197,104,59,45,0.5673
U00198,96,68,28,0.7083
U00199,98,79,19,0.8061
U00200,108,77,31,0.713
U00201,99,44,55,0.4444
U00202,106,17,89,0.1604
U00203,102,68,34,0.6667
U00204,89,17,72,0.191
U00205,92,73,19,0.7935
U00206,90,74,16,0.8222
U00207,96,61,35,0.6354
U00208,99,24,75,0.2424
U00209,105,23,82,0.219
U00210,112,67,45,0.5982
U00211,94,89,5,0.9468
U00212,103,64,39,0.6214
U00213,118,77,41,0.6525
U00214,105,61,44,0.581
U00215,81,49,32,0.6049
U00216,89,61,28,0.6854
U00217,108,77,31,0.713
U00218,88,60,28,0.6818
U00219,107,75,32,0.7009
U00220,91,35,56,0.3846
U00221,88,63,25,0.7159
U00222,97,62,35,0.6392
U00223,96,77,19,0.8021
U00224,99,80,19,0.8081
U00225,110,31,79,0.2818
U00226,98,81,17,0.8265
U00227,119,85,34,0.7143
U00228,115,105,10,0.913
U00229,101,59,42,0.5842
U00230,88,78,10,0.8864
U00231,99,18,81,0.1818
U00232,110,78,32,0.7091
U00233,107,72,35,0.6729
U00234,88,31,57,0.3523
U00235,103,65,38,0.6311
U00236,88,82,6,0.9318
U00237,90,49,41,0.5444
U00238,105,81,24,0.7714
U00239,112,88,24,0.7857
U00240,96,73,23,0.7604
U00241,103,35,68,0.3398
U00242,81,28,53,0.3457
U00243,100,63,37,0.63
U00244,81,34,47,0.4198
U00245,95,82,13,0.8632
U00246,102,35,67,0.3431
U00247,93,67,26,0.7204
U00248,96,74,22,0.7708
U00249,83,72,11,0.8675
U00250,117,104,13,0.8889
U00251,80,72,8,0.9
U00252,103,54,49,0.5243
U00253,80,65,15,0.8125
U00254,101,90,11,0.8911
U00255,101,70,31,0.6931
U00256,99,5,94,0.0505
U00257,106,80,26,0.7547
U00258,95,30,65,0.3158
U00259,102,76,26,0.7451
U00260,99,80,19,0.8081
U00261,103,50,53,0.4854
U00262,104,23,81,0.2212
U00263,88,70,18,0.7955
U00264,105,59,46,0.5619
U00265,106,83,23,0.783
U00266,103,29,74,0.2816
U00267,116,106,10,0.9138
U00268,99,55,44,0.5556
U00269,78,52,26,0.6667
U00270,94,56,38,0.5957
U00271,113,71,42,0.6283
U00272,92,21,71,0.2283
U00273,108,25,83,0.2315
U00274,102,81,21,0.7941
U00275,92,57,35,0.6196
U00276,91,16,75,0.1758
U00277,108,60,48,0.5556
U00278,96,89,7,0.9271
U00279,88,23,65,0.2614
U00280,90,81,9,0.9
U00281,106,83,23,0.783
U00282,101,81,20,0.802
U00283,101,67,34,0.6634
U00284,119,92,27,0.7731
U00285,101,55,46,0.5446
U00286,97,87,10,0.8969
U00287,92,76,16,0.8261
U00288,91,62,29,0.6813
U00289,103,73,30,0.7087
U00290,100,74,26,0.74
U00291,106,99,7,0.934
U00292,104,47,57,0.4519
U00293,94,50,44,0.5319
U00294,88,37,51,0.4205
U00295,108,10,98,0.0926
U00296,110,66,44,0.6
U00297,114,67,47,0.5877
U00298,93,75,18,0.8065
U00299,113,55,58,0.4867
U00300,102,73,29,0.7157
U00301,112,86,26,0.7679
U00302,103,75,28,0.7282
U00303,107,86,21,0.8037
U00304,84,18,66,0.2143
U00305,90,74,16,0.8222
U00306,92,61,31,0.663
U00307,106,76,30,0.717
U00308,111,63,48,0.5676
U00309,91,73,18,0.8022
U00310,104,73,31,0.7019
U00311,91,63,28,0.6923
U00312,111,83,28,0.7477
U00313,84,62,22,0.7381
U00314,93,86,7,0.9247
U00315,95,26,69,0.2737
U00316,87,64,23,0.7356
U00317,100,85,15,0.85
U00318,102,92,10,0.902
U00319,97,69,28,0.7113
U00320,88,66,22,0.75
U00321,107,78,29,0.729
U00322,112,52,60,0.4643
U00323,93,15,78,0.1613
U00324,93,69,24,0.7419
U00325,100,18,82,0.18
U00326,89,64,25,0.7191
U00327,114,68,46,0.5965
U00328,107,86,21,0.8037
U00329,103,95,8,0.9223
U00330,103,68,35,0.6602
U00331,91,39,52,0.4286
U00332,87,57,30,0.6552
U00333,87,62,25,0.7126
U00334,118,17,101,0.1441
U00335,117,61,56,0.5214
U00336,110,55,55,0.5
U00337,71,33,38,0.4648
U00338,98,85,13,0.8673
U00339,99,74,25,0.7475
U00340,100,43,57,0.43
U00341,102,55,47,0.5392
U00342,99,29,70,0.2929
U00343,99,89,10,0.899
U00344,91,23,68,0.2527
U00345,101,77,24,0.7624
U00346,122,30,92,0.2459
U00347,106,17,89,0.1604
U00348,103,23,80,0.2233
U00349,93,73,20,0.7849
U00350,94,47,47,0.5
U00351,85,81,4,0.9529
U00352,104,94,10,0.9038
U00353,96,83,13,0.8646
U00354,107,53,54,0.4953
U00355,94,63,31,0.6702
U00356,90,53,37,0.5889
U00357,94,13,81,0.1383
U00358,105,82,23,0.781
U00359,87,36,51,0.4138
U00360,116,73,43,0.6293
U00361,85,56,29,0.6588
U00362,97,19,78,0.1959
U00363,100,81,19,0.81
U00364,104,74,30,0.7115
U00365,102,88,14,0.8627
U00366,96,19,77,0.1979
U00367,106,75,31,0.7075
U00368,108,18,90,0.1667
U00369,94,68,26,0.7234
U00370,98,85,13,0.8673
U00371,88,59,29,0.6705
U00372,97,64,33,0.6598
U00373,98,57,41,0.5816
U00374,101,43,58,0.4257
U00375,93,48,45,0.5161
U00376,106,66,40,0.6226
U00377,95,41,54,0.4316
U00378,95,26,69,0.2737
U00379,96,64,32,0.6667
U00380,105,92,13,0.8762
U00381,93,29,64,0.3118
U00382,93,63,30,0.6774
U00383,105,93,12,0.8857
U00384,99,69,30,0.697
U00385,89,59,30,0.6629
U00386,99,83,16,0.8384
U00387,104,82,22,0.7885
U00388,104,78,26,0.75
U00389,91,62,29,0.6813
U00390,91,64,27,0.7033
U00391,109,62,47,0.5688
U00392,90,21,69,0.2333
U00393,95,63,32,0.6632
U00394,88,82,6,0.9318
U00395,96,90,6,0.9375
U00396,118,93,25,0.7881
U00397,99,79,20,0.798
U00398,83,48,35,0.5783
U00399,111,79,32,0.7117
U00400,85,53,32,0.6235
U00401,102,43,59,0.4216
U00402,84,79,5,0.9405
U00403,112,66,46,0.5893
U00404,86,76,10,0.8837
U00405,101,72,29,0.7129
U00406,99,88,11,0.8889
U00407,101,65,36,0.6436
U00408,108,79,29,0.7315
U00409,106,57,49,0.5377
U00410,76,53,23,0.6974
U00411,107,78,29,0.729
U00412,88,69,19,0.7841
U00413,105,87,18,0.8286
U00414,115,26,89,0.2261
U00415,111,103,8,0.9279
U00416,119,96,23,0.8067
U00417,114,64,50,0.5614
U00418,104,91,13,0.875
U00419,103,84,19,0.8155
U00420,101,25,76,0.2475
U00421,120,85,35,0.7083
U00422,111,74,37,0.6667
U00423,98,55,43,0.5612
U00424,102,61,41,0.598
U00425,91,70,21,0.7692
U00426,91,83,8,0.9121
U00427,116,69,47,0.5948
U00428,114,79,35,0.693
U00429,96,67,29,0.6979
U00430,74,59,15,0.7973
U00431,114,60,54,0.5263
U00432,100,53,47,0.53
U00433,91,79,12,0.8681
U00434,121,58,63,0.4793
U00435,110,59,51,0.5364
U00436,95,18,77,0.1895
U00437,109,90,19,0.8257
U00438,87,20,67,0.2299
U00439,96,26,70,0.2708
U00440,114,92,22,0.807
U00441,100,56,44,0.56
U00442,90,69,21,0.7667
U00443,103,16,87,0.1553
U00444,108,102,6,0.9444
U00445,116,90,26,0.7759
U00446,104,81,23,0.7788
U00447,91,44,47,0.4835
U00448,90,64,26,0.7111
U00449,109,66,43,0.6055
U00450,102,41,61,0.402
U00451,122,52,70,0.4262
U00452,104,65,39,0.625
U00453,102,69,33,0.6765
U00454,101,55,46,0.5446
U00455,100,69,31,0.69
U00456,122,97,25,0.7951
U00457,111,100,11,0.9009
U00458,113,68,45,0.6018
U00459,83,47,36,0.5663
U00460,97,88,9,0.9072
U00461,77,56,21,0.7273
U00462,112,91,21,0.8125
U00463,97,25,72,0.2577
U00464,99,63,36,0.6364
U00465,97,42,55,0.433
U00466,97,82,15,0.8454
U00467,94,17,77,0.1809
U00468,94,50,44,0.5319
U00469,104,94,10,0.9038
U00470,94,24,70,0.2553
U00471,84,73,11,0.869
U00472,100,29,71,0.29
U00473,110,83,27,0.7545
U00474,109,100,9,0.9174
U00475,115,65,50,0.5652
U00476,105,70,35,0.6667
U00477,89,48,41,0.5393
U00478,140,76,64,0.5429
U00479,96,74,22,0.7708
U00480,79,43,36,0.5443
U00481,111,100,11,0.9009
U00482,86,77,9,0.8953
U00483,94,70,24,0.7447
U00484,106,88,18,0.8302
U00485,102,67,35,0.6569
U00486,103,49,54,0.4757
U00487,105,85,20,0.8095
U00488,99,65,34,0.6566
U00489,94,84,10,0.8936
U00490,97,37,60,0.3814
U00491,108,49,59,0.4537
U00492,103,86,17,0.835
U00493,88,21,67,0.2386
U00494,111,98,13,0.8829
U00495,102,77,25,0.7549
U00496,114,66,48,0.5789
U00497,99,80,19,0.8081
U00498,94,45,49,0.4787
U00499,110,46,64,0.4182
U00500,99,81,18,0.8182
